Flight Date,Flight No,Segment,COS,Seats Allocate,Over sell,Curtailed,Seats Sold,On Hold,Fixed,Seats Available,Fare Collection(USD),Seat Factor,Sur Charge,Flight Status,Baggage ,Sold Seats ,Ava.Seats 
8/1/2025,RB446,IST/DAM,C,12,0,0,1,0,0,11,374,8%,0,ACT,0,1,11
8/1/2025,RB446,IST/DAM,Y,141,0,0,115,0,0,26,"15,901.38",82%,0,ACT,0,115,26
8/1/2025,RB505,DAM/SHJ,C,12,0,0,0,0,0,12,0,0%,0,ACT,0,0,12
8/1/2025,RB505,DAM/SHJ,Y,145,0,0,68,0,0,77,"8,045.07",47%,0,ACT,0,68,77
8/1/2025,RB503,DAM/AUH,C,12,0,0,4,0,0,8,"1,354.73",33%,0,ACT,0,4,8
8/1/2025,RB503,DAM/AUH,Y,148,0,0,81,0,0,67,"11,862.96",55%,0,ACT,0,81,67
8/1/2025,RB515,DAM/DXB,C,12,0,0,5,0,0,7,"1,381.26",42%,0,ACT,0,5,7
8/1/2025,RB515,DAM/DXB,Y,145,0,0,97,0,0,48,"12,107.34",67%,0,ACT,0,97,48
8/1/2025,RB506,SHJ/DAM,C,12,0,0,12,0,0,0,"4,502.91",100%,0,ACT,0,12,0
8/1/2025,RB506,SHJ/DAM,Y,145,0,0,102,0,0,43,"14,206.70",70%,0,ACT,0,102,43
8/1/2025,RB504,AUH/DAM,C,12,0,0,9,0,0,3,"3,277.71",75%,0,ACT,0,9,3
8/1/2025,RB504,AUH/DAM,Y,148,0,0,115,0,0,33,"17,520.23",78%,0,ACT,0,115,33
8/1/2025,RB516,DXB/DAM,C,12,0,0,11,0,0,1,"3,761.01",92%,0,ACT,0,11,1
8/1/2025,RB516,DXB/DAM,Y,145,0,0,117,0,0,28,"15,708.90",81%,0,ACT,0,117,28
8/1/2025,RB501,DAM/SHJ,C,12,0,0,8,0,0,4,"3,325.37",67%,0,ACT,0,8,4
8/1/2025,RB501,DAM/SHJ,Y,145,0,0,82,0,0,63,"10,505.76",57%,0,ACT,0,82,63
8/1/2025,RB443,DAM/IST,C,12,0,0,3,0,0,9,769.75,25%,0,ACT,0,3,9
8/1/2025,RB443,DAM/IST,Y,141,0,0,69,0,0,72,"6,868.22",49%,0,ACT,0,69,72
8/1/2025,RB389,DAM/RUH,C,12,0,0,10,0,0,2,"3,386.62",83%,0,ACT,0,10,2
8/1/2025,RB389,DAM/RUH,Y,148,0,0,146,0,0,2,"29,893.66",99%,0,ACT,0,146,2
8/1/2025,RB444,IST/DAM,C,12,0,0,4,0,0,8,"1,402.50",33%,0,ACT,0,4,8
8/1/2025,RB444,IST/DAM,Y,141,0,0,141,0,0,0,"18,699.98",100%,0,ACT,0,141,0
8/1/2025,RB502,SHJ/DAM,C,12,0,0,0,0,0,12,0,0%,0,ACT,0,0,12
8/1/2025,RB502,SHJ/DAM,Y,145,0,0,75,0,0,70,"9,672.98",52%,0,ACT,0,75,70
8/1/2025,RB390,RUH/DAM,C,12,0,0,11,0,0,1,"3,579.03",92%,0,ACT,0,11,1
8/1/2025,RB390,RUH/DAM,Y,148,0,0,44,0,0,104,"8,358.20",30%,0,ACT,0,44,104
8/2/2025,RB505,DAM/SHJ,C,12,0,0,0,0,0,12,0,0%,0,ACT,0,0,12
8/2/2025,RB505,DAM/SHJ,Y,145,0,0,73,0,0,72,"8,844.22",50%,0,ACT,0,73,72
8/2/2025,RB515,DAM/DXB,C,12,0,0,5,0,0,7,"1,261.88",42%,0,ACT,0,5,7
8/2/2025,RB515,DAM/DXB,Y,145,0,0,74,0,0,71,"9,330.43",51%,0,ACT,0,74,71
8/2/2025,RB389,DAM/RUH,C,12,0,0,4,0,0,8,"1,379.41",33%,0,ACT,0,4,8
8/2/2025,RB389,DAM/RUH,Y,148,0,0,130,0,0,18,"18,753.93",88%,0,ACT,0,130,18
8/2/2025,RB390,RUH/DAM,C,12,0,0,3,0,0,9,"1,046.67",25%,0,ACT,0,3,9
8/2/2025,RB390,RUH/DAM,Y,148,0,0,68,0,0,80,"12,523.60",46%,0,ACT,0,68,80
8/2/2025,RB506,SHJ/DAM,C,12,0,0,0,0,0,12,0,0%,0,ACT,0,0,12
8/2/2025,RB506,SHJ/DAM,Y,145,0,0,82,0,0,63,"10,503.34",57%,0,ACT,0,82,63
8/2/2025,RB516,DXB/DAM,C,12,0,0,10,0,0,2,"3,488.02",83%,0,ACT,0,10,2
8/2/2025,RB516,DXB/DAM,Y,145,0,0,116,0,0,29,"15,013.83",80%,0,ACT,0,116,29
8/2/2025,RB521,DAM/DOH,C,12,0,0,0,0,0,12,0,0%,0,ACT,0,0,12
8/2/2025,RB521,DAM/DOH,Y,148,0,0,141,0,0,7,"22,616.72",95%,0,ACT,0,141,7
8/2/2025,RB501,DAM/SHJ,C,12,0,0,3,0,0,9,"1,172.52",25%,0,ACT,0,3,9
8/2/2025,RB501,DAM/SHJ,Y,145,0,0,105,0,0,40,"13,717.18",72%,0,ACT,0,105,40
8/2/2025,RB341,DAM/KWI,C,12,0,0,4,0,0,8,863.55,33%,0,ACT,0,4,8
8/2/2025,RB341,DAM/KWI,Y,141,0,0,92,0,0,49,"9,382.33",65%,0,ACT,0,92,49
8/2/2025,RB522,DOH/DAM,C,12,0,0,2,0,0,10,507,17%,0,ACT,0,2,10
8/2/2025,RB522,DOH/DAM,Y,148,0,0,121,0,0,27,"20,210.83",82%,0,ACT,0,121,27
8/2/2025,RB342,KWI/DAM,C,12,0,0,8,0,0,4,"1,930.53",67%,0,ACT,0,8,4
8/2/2025,RB342,KWI/DAM,Y,141,0,0,139,0,0,2,"15,282.31",99%,0,ACT,0,139,2
8/2/2025,RB502,SHJ/DAM,C,12,0,0,1,0,0,11,255,8%,0,ACT,0,1,11
8/2/2025,RB502,SHJ/DAM,Y,145,0,0,46,0,0,99,"5,559.31",32%,0,ACT,0,46,99
8/2/2025,RB445,DAM/IST,C,12,0,0,4,0,0,8,"1,091.25",33%,0,ACT,0,4,8
8/2/2025,RB445,DAM/IST,Y,141,0,0,26,0,0,115,"2,885.85",18%,0,ACT,0,26,115
8/3/2025,RB446,IST/DAM,C,12,0,0,0,0,0,12,0,0%,0,ACT,0,0,12
8/3/2025,RB446,IST/DAM,Y,141,0,0,75,0,0,66,"10,055.50",53%,0,ACT,0,75,66
8/3/2025,RB505,DAM/SHJ,C,12,0,0,0,0,0,12,0,0%,0,ACT,0,0,12
8/3/2025,RB505,DAM/SHJ,Y,138,0,0,88,0,0,50,"10,798.68",64%,0,ACT,0,88,50
8/3/2025,RB381,DAM/JED,C,12,0,0,0,0,0,12,0,0%,0,ACT,0,0,12
8/3/2025,RB381,DAM/JED,Y,148,0,0,30,0,0,118,"4,750.94",20%,0,ACT,0,30,118
8/3/2025,RB515,DAM/DXB,C,12,0,0,11,0,0,1,"2,677.50",92%,0,ACT,0,11,1
8/3/2025,RB515,DAM/DXB,Y,145,0,0,103,0,0,42,"12,625.38",71%,0,ACT,0,103,42
8/3/2025,RB382,JED/DAM,C,12,0,0,5,0,0,7,"1,245.35",42%,0,ACT,0,5,7
8/3/2025,RB382,JED/DAM,Y,148,0,0,39,0,0,109,"3,652.75",26%,0,ACT,0,39,109
8/3/2025,RB506,SHJ/DAM,C,12,0,0,3,0,0,9,"1,083.81",25%,0,ACT,0,3,9
8/3/2025,RB506,SHJ/DAM,Y,138,0,0,88,0,0,50,"10,925.54",64%,0,ACT,0,88,50
8/3/2025,RB516,DXB/DAM,C,12,0,0,8,0,0,4,"2,571.14",67%,0,ACT,0,8,4
8/3/2025,RB516,DXB/DAM,Y,145,0,0,94,0,0,51,"12,363.18",65%,0,ACT,0,94,51
8/3/2025,RB443,DAM/IST,C,12,0,0,4,0,0,8,831,33%,0,ACT,0,4,8
8/3/2025,RB443,DAM/IST,Y,141,0,0,79,0,0,62,"7,877.26",56%,0,ACT,0,79,62
8/3/2025,RB501,DAM/SHJ,C,12,0,0,1,0,0,11,361.26,8%,0,ACT,0,1,11
8/3/2025,RB501,DAM/SHJ,Y,145,0,0,123,0,0,22,"17,621.76",85%,0,ACT,0,123,22
8/3/2025,RB444,IST/DAM,C,12,0,0,1,0,0,11,313.95,8%,0,ACT,0,1,11
8/3/2025,RB444,IST/DAM,Y,141,0,0,110,0,0,31,"15,254.65",78%,0,ACT,0,110,31
8/3/2025,RB502,SHJ/DAM,C,12,0,0,0,0,0,12,0,0%,0,ACT,0,0,12
8/3/2025,RB502,SHJ/DAM,Y,145,0,0,41,0,0,104,"4,368.88",28%,0,ACT,0,41,104
8/4/2025,RB389,DAM/RUH,C,12,0,0,2,0,0,10,629.5,17%,0,ACT,0,2,10
8/4/2025,RB389,DAM/RUH,Y,148,0,0,101,0,0,47,"16,428.03",68%,0,ACT,0,101,47
8/4/2025,RB443,DAM/IST,C,12,0,0,0,0,0,12,0,0%,0,ACT,0,0,12
8/4/2025,RB443,DAM/IST,Y,141,0,0,25,0,0,116,"2,113.00",18%,0,ACT,0,25,116
8/4/2025,RB515,DAM/DXB,C,12,0,0,3,0,0,9,960,25%,0,ACT,0,3,9
8/4/2025,RB515,DAM/DXB,Y,145,0,0,61,0,0,84,"7,249.50",42%,0,ACT,0,61,84
8/4/2025,RB390,RUH/DAM,C,12,0,0,3,0,0,9,953.35,25%,0,ACT,0,3,9
8/4/2025,RB390,RUH/DAM,Y,148,0,0,47,0,0,101,"7,672.53",32%,0,ACT,0,47,101
8/4/2025,RB444,IST/ALP,C,12,0,0,4,0,0,8,"1,434.80",33%,0,ACT,0,4,8
8/4/2025,RB444,IST/ALP,Y,141,0,0,135,0,0,6,"16,386.98",96%,0,ACT,0,135,6
8/4/2025,RB517,ALP/DXB,C,12,0,0,6,0,0,6,"2,132.52",50%,0,ACT,0,6,6
8/4/2025,RB517,ALP/DXB,Y,141,0,0,133,0,0,8,"19,560.53",94%,0,ACT,0,133,8
8/4/2025,RB516,DXB/DAM,C,12,0,0,4,0,0,8,"1,464.92",33%,0,ACT,0,4,8
8/4/2025,RB516,DXB/DAM,Y,145,0,0,69,0,0,76,"7,791.67",48%,0,ACT,0,69,76
8/4/2025,RB501,DAM/SHJ,C,12,0,0,4,0,0,8,"1,800.00",33%,0,ACT,0,4,8
8/4/2025,RB501,DAM/SHJ,Y,145,0,0,111,0,0,34,"14,541.67",77%,0,ACT,0,111,34
8/4/2025,RB521,DAM/DOH,C,12,0,0,1,0,0,11,354.9,8%,0,ACT,0,1,11
8/4/2025,RB521,DAM/DOH,Y,148,0,0,75,0,0,73,"11,865.55",51%,0,ACT,0,75,73
8/4/2025,RB518,DXB/ALP,C,12,0,0,3,0,0,9,"1,193.96",25%,0,ACT,0,3,9
8/4/2025,RB518,DXB/ALP,Y,141,0,0,117,0,0,24,"19,284.82",83%,0,ACT,0,117,24
8/4/2025,RB522,DOH/DAM,C,12,0,0,1,0,0,11,328.77,8%,0,ACT,0,1,11
8/4/2025,RB522,DOH/DAM,Y,148,0,0,62,0,0,86,"10,225.23",42%,0,ACT,0,62,86
8/4/2025,RB502,SHJ/DAM,C,12,0,0,4,0,0,8,"1,158.19",33%,0,ACT,0,4,8
8/4/2025,RB502,SHJ/DAM,Y,145,0,0,44,0,0,101,"5,015.56",30%,0,ACT,0,44,101
8/4/2025,RB445,ALP/IST,C,12,0,0,3,0,0,9,"1,191.06",25%,0,ACT,0,3,9
8/4/2025,RB445,ALP/IST,Y,141,0,0,83,0,0,58,"9,474.27",59%,0,ACT,0,83,58
8/5/2025,RB446,IST/DAM,C,12,0,0,1,0,0,11,374,8%,0,ACT,0,1,11
8/5/2025,RB446,IST/DAM,Y,138,0,0,80,0,0,58,"9,575.25",58%,0,ACT,0,80,58
8/5/2025,RB515,DAM/DXB,C,12,0,0,2,0,0,10,510,17%,0,ACT,0,2,10
8/5/2025,RB515,DAM/DXB,Y,145,0,0,97,0,0,48,"11,632.42",67%,0,ACT,0,97,48
8/5/2025,RB516,DXB/DAM,C,12,0,0,11,0,0,1,"3,444.54",92%,0,ACT,0,11,1
8/5/2025,RB516,DXB/DAM,Y,145,0,0,57,0,0,88,"6,914.07",39%,0,ACT,0,57,88
8/5/2025,RB503,DAM/AUH,C,12,0,0,4,0,0,8,"1,445.04",33%,0,ACT,0,4,8
8/5/2025,RB503,DAM/AUH,Y,148,0,0,119,0,0,29,"19,320.46",80%,0,ACT,0,119,29
8/5/2025,RB501,DAM/SHJ,C,12,0,0,4,0,0,8,"1,020.00",33%,0,ACT,0,4,8
8/5/2025,RB501,DAM/SHJ,Y,145,0,0,97,0,0,48,"11,147.50",67%,0,ACT,0,97,48
8/5/2025,RB443,DAM/IST,C,12,0,0,6,0,0,6,"1,648.35",50%,0,ACT,0,6,6
8/5/2025,RB443,DAM/IST,Y,141,0,0,84,0,0,57,"7,355.69",60%,0,ACT,0,84,57
8/5/2025,RB504,AUH/DAM,C,12,0,0,2,0,0,10,726.42,17%,0,ACT,0,2,10
8/5/2025,RB504,AUH/DAM,Y,148,0,0,69,0,0,79,"8,118.74",47%,0,ACT,0,69,79
8/5/2025,RB444,IST/DAM,C,12,0,0,5,0,0,7,"1,703.75",42%,0,ACT,0,5,7
8/5/2025,RB444,IST/DAM,Y,141,0,0,115,0,0,26,"14,241.55",82%,0,ACT,0,115,26
8/5/2025,RB502,SHJ/DAM,C,12,0,0,0,0,0,12,0,0%,0,ACT,0,0,12
8/5/2025,RB502,SHJ/DAM,Y,145,0,0,61,0,0,84,"5,381.36",42%,0,ACT,0,61,84
8/6/2025,RB505,DAM/SHJ,C,12,0,0,0,0,0,12,0,0%,0,ACT,0,0,12
8/6/2025,RB505,DAM/SHJ,Y,145,0,0,105,0,0,40,"12,509.62",72%,0,ACT,0,105,40
8/6/2025,RB515,DAM/DXB,C,12,0,0,3,0,0,9,935.98,25%,0,ACT,0,3,9
8/6/2025,RB515,DAM/DXB,Y,145,0,0,60,0,0,85,"6,623.30",41%,0,ACT,0,60,85
8/6/2025,RB389,DAM/RUH,C,12,0,0,1,0,0,11,346.66,8%,0,ACT,0,1,11
8/6/2025,RB389,DAM/RUH,Y,148,0,0,91,0,0,57,"12,745.51",61%,0,ACT,0,91,57
8/6/2025,RB390,RUH/DAM,C,12,0,0,4,0,0,8,"1,923.75",33%,0,ACT,0,4,8
8/6/2025,RB390,RUH/DAM,Y,148,0,0,59,0,0,89,"9,684.83",40%,0,ACT,0,59,89
8/6/2025,RB506,SHJ/DAM,C,12,0,0,0,0,0,12,0,0%,0,ACT,0,0,12
8/6/2025,RB506,SHJ/DAM,Y,145,0,0,94,0,0,51,"9,272.24",65%,0,ACT,0,94,51
8/6/2025,RB516,DXB/DAM,C,12,0,0,1,0,0,11,255,8%,0,ACT,0,1,11
8/6/2025,RB516,DXB/DAM,Y,145,0,0,60,0,0,85,"6,667.92",41%,0,ACT,0,60,85
8/6/2025,RB521,DAM/DOH,C,12,0,0,2,0,0,10,507,17%,0,ACT,0,2,10
8/6/2025,RB521,DAM/DOH,Y,148,0,0,120,0,0,28,"19,306.31",81%,0,ACT,0,120,28
8/6/2025,RB501,DAM/SHJ,C,12,0,0,2,0,0,10,900,17%,0,ACT,0,2,10
8/6/2025,RB501,DAM/SHJ,Y,145,0,0,139,0,0,6,"18,177.08",96%,0,ACT,0,139,6
8/6/2025,RB443,DAM/IST,C,12,0,0,2,0,0,10,498.75,17%,0,ACT,0,2,10
8/6/2025,RB443,DAM/IST,Y,141,0,0,78,0,0,63,"7,010.45",55%,0,ACT,0,78,63
8/6/2025,RB522,DOH/DAM,C,12,0,0,3,0,0,9,"1,185.42",25%,0,ACT,0,3,9
8/6/2025,RB522,DOH/DAM,Y,148,0,0,88,0,0,60,"15,563.61",59%,0,ACT,0,88,60
8/6/2025,RB444,IST/DAM,C,12,0,0,0,0,0,12,0,0%,0,ACT,0,0,12
8/6/2025,RB444,IST/DAM,Y,141,0,0,86,0,0,55,"10,595.90",61%,0,ACT,0,86,55
8/6/2025,RB502,SHJ/DAM,C,12,0,0,0,0,0,12,0,0%,0,ACT,0,0,12
8/6/2025,RB502,SHJ/DAM,Y,145,0,0,58,0,0,87,"4,257.71",40%,0,ACT,0,58,87
8/7/2025,RB505,DAM/SHJ,C,12,0,0,0,0,0,12,0,0%,0,ACT,0,0,12
8/7/2025,RB505,DAM/SHJ,Y,145,0,0,109,0,0,36,"12,604.44",75%,0,ACT,0,109,36
8/7/2025,RB515,DAM/DXB,C,12,0,0,6,0,0,6,"2,035.71",50%,0,ACT,0,6,6
8/7/2025,RB515,DAM/DXB,Y,145,0,0,74,0,0,71,"7,419.00",51%,0,ACT,0,74,71
8/7/2025,RB527,DAM/DMM,C,12,0,0,3,0,0,9,"1,039.98",25%,0,ACT,0,3,9
8/7/2025,RB527,DAM/DMM,Y,148,0,0,136,0,0,12,"24,877.60",92%,0,ACT,0,136,12
8/7/2025,RB528,DMM/DAM,C,12,0,0,2,0,0,10,693.34,17%,0,ACT,0,2,10
8/7/2025,RB528,DMM/DAM,Y,148,0,0,46,0,0,102,"8,763.40",31%,0,ACT,0,46,102
8/7/2025,RB506,SHJ/DAM,C,12,0,0,0,0,0,12,0,0%,0,ACT,0,0,12
8/7/2025,RB506,SHJ/DAM,Y,145,0,0,75,0,0,70,"5,844.66",52%,0,ACT,0,75,70
8/7/2025,RB516,DXB/DAM,C,12,0,0,10,0,0,2,"2,933.52",83%,0,ACT,0,10,2
8/7/2025,RB516,DXB/DAM,Y,145,0,0,82,0,0,63,"7,525.19",57%,0,ACT,0,82,63
8/7/2025,RB381,DAM/JED,C,12,0,0,9,0,0,3,"3,316.01",75%,0,ACT,0,9,3
8/7/2025,RB381,DAM/JED,Y,148,0,0,100,0,0,48,"17,427.72",68%,0,ACT,0,100,48
8/7/2025,RB501,DAM/SHJ,C,12,0,0,2,0,0,10,510,17%,0,ACT,0,2,10
8/7/2025,RB501,DAM/SHJ,Y,145,0,0,107,0,0,38,"12,836.83",74%,0,ACT,0,107,38
8/7/2025,RB341,DAM/KWI,C,12,0,0,2,0,0,10,424.2,17%,0,ACT,0,2,10
8/7/2025,RB341,DAM/KWI,Y,141,0,0,118,0,0,23,"12,827.03",84%,0,ACT,0,118,23
8/7/2025,RB382,JED/DAM,C,12,0,0,2,0,0,10,595.74,17%,0,ACT,0,2,10
8/7/2025,RB382,JED/DAM,Y,148,0,0,20,0,0,128,"2,713.38",14%,0,ACT,0,20,128
8/7/2025,RB342,KWI/DAM,C,12,0,0,9,0,0,3,"2,045.25",75%,0,ACT,0,9,3
8/7/2025,RB342,KWI/DAM,Y,141,0,0,140,0,0,1,"14,777.91",99%,0,ACT,0,140,1
8/7/2025,RB502,SHJ/DAM,C,12,0,0,0,0,0,12,0,0%,0,ACT,0,0,12
8/7/2025,RB502,SHJ/DAM,Y,145,0,0,55,0,0,90,"4,076.46",38%,0,ACT,0,55,90
8/7/2025,RB445,DAM/IST,C,12,0,0,1,0,0,11,291,8%,0,ACT,0,1,11
8/7/2025,RB445,DAM/IST,Y,141,0,0,48,0,0,93,"3,284.63",34%,0,ACT,0,48,93
8/8/2025,RB446,IST/DAM,C,12,0,0,4,0,0,8,831,33%,0,ACT,0,4,8
8/8/2025,RB446,IST/DAM,Y,141,0,0,77,0,0,64,"8,887.50",55%,0,ACT,0,77,64
8/8/2025,RB505,DAM/SHJ,C,12,0,0,0,0,0,12,0,0%,0,ACT,0,0,12
8/8/2025,RB505,DAM/SHJ,Y,145,0,0,114,0,0,31,"12,923.54",79%,0,ACT,0,114,31
8/8/2025,RB503,DAM/AUH,C,12,0,0,2,0,0,10,705,17%,0,ACT,0,2,10
8/8/2025,RB503,DAM/AUH,Y,148,0,0,123,0,0,25,"21,418.86",83%,0,ACT,0,123,25
8/8/2025,RB515,DAM/DXB,C,12,0,0,4,0,0,8,"1,338.78",33%,0,ACT,0,4,8
8/8/2025,RB515,DAM/DXB,Y,145,0,0,141,0,0,4,"20,850.80",97%,0,ACT,0,141,4
8/8/2025,RB506,SHJ/DAM,C,12,0,0,2,0,0,10,934.87,17%,0,ACT,0,2,10
8/8/2025,RB506,SHJ/DAM,Y,145,0,0,91,0,0,54,"8,532.14",63%,0,ACT,0,91,54
8/8/2025,RB504,AUH/DAM,C,12,0,0,3,0,0,9,"1,087.69",25%,0,ACT,0,3,9
8/8/2025,RB504,AUH/DAM,Y,148,0,0,108,0,0,40,"11,563.72",73%,0,ACT,0,108,40
8/8/2025,RB516,DXB/DAM,C,12,0,0,7,0,0,5,"1,997.54",58%,0,ACT,0,7,5
8/8/2025,RB516,DXB/DAM,Y,145,0,0,104,0,0,41,"8,133.06",72%,0,ACT,0,104,41
8/8/2025,RB501,DAM/SHJ,C,12,0,0,5,0,0,7,"1,609.73",42%,0,ACT,0,5,7
8/8/2025,RB501,DAM/SHJ,Y,145,0,0,114,0,0,31,"15,749.63",79%,0,ACT,0,114,31
8/8/2025,RB443,DAM/IST,C,12,0,0,8,0,0,4,"2,244.75",67%,0,ACT,0,8,4
8/8/2025,RB443,DAM/IST,Y,141,0,0,79,0,0,62,"7,254.16",56%,0,ACT,0,79,62
8/8/2025,RB389,DAM/RUH,C,12,0,0,7,0,0,5,"2,335.14",58%,0,ACT,0,7,5
8/8/2025,RB389,DAM/RUH,Y,148,0,0,145,0,0,3,"28,320.70",98%,0,ACT,0,145,3
8/8/2025,RB444,IST/DAM,C,12,0,0,3,0,0,9,874,25%,0,ACT,0,3,9
8/8/2025,RB444,IST/DAM,Y,141,0,0,118,0,0,23,"15,056.78",84%,0,ACT,0,118,23
8/8/2025,RB502,SHJ/DAM,C,12,0,0,1,0,0,11,361.27,8%,0,ACT,0,1,11
8/8/2025,RB502,SHJ/DAM,Y,145,0,0,48,0,0,97,"3,918.82",33%,0,ACT,0,48,97
8/8/2025,RB390,RUH/DAM,C,12,0,0,7,0,0,5,"2,192.35",58%,0,ACT,0,7,5
8/8/2025,RB390,RUH/DAM,Y,148,0,0,48,0,0,100,"7,202.42",32%,0,ACT,0,48,100
8/9/2025,RB505,DAM/SHJ,C,12,0,0,0,0,0,12,0,0%,0,ACT,0,0,12
8/9/2025,RB505,DAM/SHJ,Y,145,0,0,104,0,0,41,"12,066.57",72%,0,ACT,0,104,41
8/9/2025,RB515,DAM/DXB,C,12,0,0,8,0,0,4,"2,552.48",67%,0,ACT,0,8,4
8/9/2025,RB515,DAM/DXB,Y,145,0,0,110,0,0,35,"13,847.80",76%,0,ACT,0,110,35
8/9/2025,RB389,DAM/RUH,C,12,0,0,4,0,0,8,"1,386.64",33%,0,ACT,0,4,8
8/9/2025,RB389,DAM/RUH,Y,148,0,0,112,0,0,36,"18,457.37",76%,0,ACT,0,112,36
8/9/2025,RB390,RUH/DAM,C,12,0,0,6,0,0,6,"2,069.51",50%,0,ACT,0,6,6
8/9/2025,RB390,RUH/DAM,Y,148,0,0,49,0,0,99,"7,257.88",33%,0,ACT,0,49,99
8/9/2025,RB506,SHJ/DAM,C,12,0,0,1,0,0,11,471.42,8%,0,ACT,0,1,11
8/9/2025,RB506,SHJ/DAM,Y,145,0,0,76,0,0,69,"5,437.38",52%,0,ACT,0,76,69
8/9/2025,RB516,DXB/DAM,C,12,0,0,9,0,0,3,"3,968.86",75%,0,ACT,0,9,3
8/9/2025,RB516,DXB/DAM,Y,145,0,0,93,0,0,52,"7,934.67",64%,0,ACT,0,93,52
8/9/2025,RB521,DAM/DOH,C,12,0,0,8,0,0,4,"2,179.32",67%,0,ACT,0,8,4
8/9/2025,RB521,DAM/DOH,Y,148,0,0,140,0,0,8,"23,657.46",95%,0,ACT,0,140,8
8/9/2025,RB501,DAM/SHJ,C,12,0,0,6,0,0,6,"2,150.04",50%,0,ACT,0,6,6
8/9/2025,RB501,DAM/SHJ,Y,145,0,0,131,0,0,14,"19,306.44",90%,0,ACT,0,131,14
8/9/2025,RB341,DAM/KWI,C,12,0,0,5,0,0,7,"1,037.78",42%,0,ACT,0,5,7
8/9/2025,RB341,DAM/KWI,Y,141,0,0,101,0,0,40,"11,178.95",72%,0,ACT,0,101,40
8/9/2025,RB522,DOH/DAM,C,12,0,0,0,0,0,12,0,0%,0,ACT,0,0,12
8/9/2025,RB522,DOH/DAM,Y,148,0,0,75,0,0,73,"12,811.28",51%,0,ACT,0,75,73
8/9/2025,RB342,KWI/DAM,C,12,0,0,6,0,0,6,"1,363.50",50%,0,ACT,0,6,6
8/9/2025,RB342,KWI/DAM,Y,141,0,0,138,0,0,3,"14,446.37",98%,0,ACT,0,138,3
8/9/2025,RB502,SHJ/DAM,C,12,0,0,0,0,0,12,0,0%,0,ACT,0,0,12
8/9/2025,RB502,SHJ/DAM,Y,145,0,0,44,0,0,101,"2,934.15",30%,0,ACT,0,44,101
8/9/2025,RB445,DAM/IST,C,12,0,0,2,0,0,10,582,17%,0,ACT,0,2,10
8/9/2025,RB445,DAM/IST,Y,141,0,0,44,0,0,97,"4,086.28",31%,0,ACT,0,44,97
8/10/2025,RB446,IST/DAM,C,12,0,0,0,0,0,12,0,0%,0,ACT,0,0,12
8/10/2025,RB446,IST/DAM,Y,141,0,0,75,0,0,66,"8,393.50",53%,0,ACT,0,75,66
8/10/2025,RB505,DAM/SHJ,C,12,0,0,0,0,0,12,0,0%,0,ACT,0,0,12
8/10/2025,RB505,DAM/SHJ,Y,138,0,0,112,0,0,26,"13,612.58",81%,0,ACT,0,112,26
8/10/2025,RB381,DAM/JED,C,12,0,0,9,0,0,3,"3,213.58",75%,0,ACT,0,9,3
8/10/2025,RB381,DAM/JED,Y,148,0,0,49,0,0,99,"6,047.41",33%,0,ACT,0,49,99
8/10/2025,RB515,DAM/DXB,C,12,0,0,9,0,0,3,"2,905.40",75%,0,ACT,0,9,3
8/10/2025,RB515,DAM/DXB,Y,145,0,0,122,0,0,23,"17,788.61",84%,0,ACT,0,122,23
8/10/2025,RB382,JED/DAM,C,12,0,0,5,0,0,7,"1,538.15",42%,0,ACT,0,5,7
8/10/2025,RB382,JED/DAM,Y,148,0,0,43,0,0,105,"4,001.50",29%,0,ACT,0,43,105
8/10/2025,RB506,SHJ/DAM,C,12,0,0,1,0,0,11,361.27,8%,0,ACT,0,1,11
8/10/2025,RB506,SHJ/DAM,Y,138,0,0,95,0,0,43,"8,232.01",69%,0,ACT,0,95,43
8/10/2025,RB516,DXB/DAM,C,12,0,0,7,0,0,5,"2,043.94",58%,0,ACT,0,7,5
8/10/2025,RB516,DXB/DAM,Y,145,0,0,103,0,0,42,"8,311.01",71%,0,ACT,0,103,42
8/10/2025,RB443,DAM/IST,C,12,0,0,0,0,0,12,0,0%,0,ACT,0,0,12
8/10/2025,RB443,DAM/IST,Y,141,0,0,101,0,0,40,"9,629.25",72%,0,ACT,0,101,40
8/10/2025,RB501,DAM/SHJ,C,12,0,0,6,0,0,6,"2,310.00",50%,0,ACT,0,6,6
8/10/2025,RB501,DAM/SHJ,Y,145,0,0,143,0,0,2,"24,467.23",99%,0,ACT,0,143,2
8/10/2025,RB444,IST/DAM,C,12,0,0,4,0,0,8,997.25,33%,0,ACT,0,4,8
8/10/2025,RB444,IST/DAM,Y,141,0,0,107,0,0,34,"11,747.65",76%,0,ACT,0,107,34
8/10/2025,RB502,SHJ/DAM,C,12,0,0,0,0,0,12,0,0%,0,ACT,0,0,12
8/10/2025,RB502,SHJ/DAM,Y,145,0,0,50,0,0,95,"3,314.91",34%,0,ACT,0,50,95
8/11/2025,RB389,DAM/RUH,C,12,0,0,6,0,0,6,"2,106.66",50%,0,ACT,0,6,6
8/11/2025,RB389,DAM/RUH,Y,148,0,0,126,0,0,22,"20,739.87",85%,0,ACT,0,126,22
8/11/2025,RB443,DAM/IST,C,12,0,0,2,0,0,10,498.75,17%,0,ACT,0,2,10
8/11/2025,RB443,DAM/IST,Y,141,0,0,65,0,0,76,"6,372.81",46%,0,ACT,0,65,76
8/11/2025,RB515,DAM/DXB,C,12,0,0,9,0,0,3,"2,612.21",75%,0,ACT,0,9,3
8/11/2025,RB515,DAM/DXB,Y,145,0,0,116,0,0,29,"13,770.27",80%,0,ACT,0,116,29
8/11/2025,RB390,RUH/DAM,C,12,0,0,5,0,0,7,"1,962.84",42%,0,ACT,0,5,7
8/11/2025,RB390,RUH/DAM,Y,148,0,0,32,0,0,116,"2,784.88",22%,0,ACT,0,32,116
8/11/2025,RB444,IST/ALP,C,12,0,0,0,0,0,12,0,0%,0,ACT,0,0,12
8/11/2025,RB444,IST/ALP,Y,141,0,0,135,0,0,6,"17,619.10",96%,0,ACT,0,135,6
8/11/2025,RB517,ALP/DXB,C,12,0,0,11,0,0,1,"4,197.47",92%,0,ACT,0,11,1
8/11/2025,RB517,ALP/DXB,Y,141,0,0,138,0,0,3,"21,146.74",98%,0,ACT,0,138,3
8/11/2025,RB516,DXB/DAM,C,12,0,0,2,0,0,10,510,17%,0,ACT,0,2,10
8/11/2025,RB516,DXB/DAM,Y,145,0,0,68,0,0,77,"5,150.24",47%,0,ACT,0,68,77
8/11/2025,RB501,DAM/SHJ,C,12,0,0,8,0,0,4,"2,295.03",67%,0,ACT,0,8,4
8/11/2025,RB501,DAM/SHJ,Y,145,0,0,145,0,0,0,"19,769.27",100%,0,ACT,0,145,0
8/11/2025,RB521,DAM/DOH,C,12,0,0,8,0,0,4,"2,235.76",67%,0,ACT,0,8,4
8/11/2025,RB521,DAM/DOH,Y,148,0,0,148,0,0,0,"27,934.57",100%,0,ACT,0,148,0
8/11/2025,RB518,DXB/ALP,C,12,0,0,3,0,0,9,871.27,25%,0,ACT,0,3,9
8/11/2025,RB518,DXB/ALP,Y,141,0,0,86,0,0,55,"12,608.93",61%,0,ACT,0,86,55
8/11/2025,RB522,DOH/DAM,C,12,0,0,0,0,0,12,0,0%,0,ACT,0,0,12
8/11/2025,RB522,DOH/DAM,Y,148,0,0,24,0,0,124,"3,836.10",16%,0,ACT,0,24,124
8/11/2025,RB502,SHJ/DAM,C,12,0,0,0,0,0,12,0,0%,0,ACT,0,0,12
8/11/2025,RB502,SHJ/DAM,Y,145,0,0,38,0,0,107,"2,010.81",26%,0,ACT,0,38,107
8/11/2025,RB445,ALP/IST,C,12,0,0,1,0,0,11,312,8%,0,ACT,0,1,11
8/11/2025,RB445,ALP/IST,Y,141,0,0,88,0,0,53,"10,536.24",62%,0,ACT,0,88,53
8/12/2025,RB446,IST/DAM,C,12,0,0,0,0,0,12,0,0%,0,ACT,0,0,12
8/12/2025,RB446,IST/DAM,Y,138,0,0,61,0,0,77,"6,558.50",44%,0,ACT,0,61,77
8/12/2025,RB515,DAM/DXB,C,12,0,0,3,0,0,9,960,25%,0,ACT,0,3,9
8/12/2025,RB515,DAM/DXB,Y,145,0,0,108,0,0,37,"12,928.26",74%,0,ACT,0,108,37
8/12/2025,RB516,DXB/DAM,C,12,0,0,12,0,0,0,"3,850.08",100%,0,ACT,0,12,0
8/12/2025,RB516,DXB/DAM,Y,145,0,0,63,0,0,82,"3,912.78",43%,0,ACT,0,63,82
8/12/2025,RB503,DAM/AUH,C,12,0,0,12,0,0,0,"4,336.61",100%,0,ACT,0,12,0
8/12/2025,RB503,DAM/AUH,Y,148,0,0,147,0,0,1,"27,712.44",99%,0,ACT,0,147,1
8/12/2025,RB501,DAM/SHJ,C,12,0,0,8,0,0,4,"2,811.97",67%,0,ACT,0,8,4
8/12/2025,RB501,DAM/SHJ,Y,145,0,0,145,0,0,0,"22,419.24",100%,0,ACT,0,145,0
8/12/2025,RB443,DAM/IST,C,12,0,0,1,0,0,11,291,8%,0,ACT,0,1,11
8/12/2025,RB443,DAM/IST,Y,141,0,0,138,0,0,3,"17,959.60",98%,0,ACT,0,138,3
8/12/2025,RB504,AUH/DAM,C,12,0,0,0,0,0,12,0,0%,0,ACT,0,0,12
8/12/2025,RB504,AUH/DAM,Y,148,0,0,70,0,0,78,"5,112.41",47%,0,ACT,0,70,78
8/12/2025,RB444,IST/DAM,C,12,0,0,1,0,0,11,250,8%,0,ACT,0,1,11
8/12/2025,RB444,IST/DAM,Y,141,0,0,91,0,0,50,"10,558.68",65%,0,ACT,0,91,50
8/12/2025,RB502,SHJ/DAM,C,12,0,0,0,0,0,12,0,0%,0,ACT,0,0,12
8/12/2025,RB502,SHJ/DAM,Y,145,0,0,53,0,0,92,"3,036.17",37%,0,ACT,0,53,92
8/13/2025,RB505,DAM/SHJ,C,12,0,0,0,0,0,12,0,0%,0,ACT,0,0,12
8/13/2025,RB505,DAM/SHJ,Y,145,0,0,110,0,0,35,"13,442.15",76%,0,ACT,0,110,35
8/13/2025,RB515,DAM/DXB,C,12,0,0,0,0,0,12,0,0%,0,ACT,0,0,12
8/13/2025,RB515,DAM/DXB,Y,145,0,0,132,0,0,13,"17,502.07",91%,0,ACT,0,132,13
8/13/2025,RB389,DAM/RUH,C,12,0,0,5,0,0,7,"1,635.19",42%,0,ACT,0,5,7
8/13/2025,RB389,DAM/RUH,Y,148,0,0,145,0,0,3,"25,241.68",98%,0,ACT,0,145,3
8/13/2025,RB390,RUH/DAM,C,12,0,0,2,0,0,10,693.34,17%,0,ACT,0,2,10
8/13/2025,RB390,RUH/DAM,Y,148,0,0,43,0,0,105,"4,068.01",29%,0,ACT,0,43,105
8/13/2025,RB506,SHJ/DAM,C,12,0,0,0,0,0,12,0,0%,0,ACT,0,0,12
8/13/2025,RB506,SHJ/DAM,Y,145,0,0,69,0,0,76,"4,851.59",48%,0,ACT,0,69,76
8/13/2025,RB516,DXB/DAM,C,12,0,0,3,0,0,9,765,25%,0,ACT,0,3,9
8/13/2025,RB516,DXB/DAM,Y,145,0,0,84,0,0,61,"5,879.52",58%,0,ACT,0,84,61
8/13/2025,RB521,DAM/DOH,C,12,0,0,7,0,0,5,"2,019.49",58%,0,ACT,0,7,5
8/13/2025,RB521,DAM/DOH,Y,148,0,0,144,0,0,4,"24,763.74",97%,0,ACT,0,144,4
8/13/2025,RB501,DAM/SHJ,C,12,0,0,4,0,0,8,"1,663.22",33%,0,ACT,0,4,8
8/13/2025,RB501,DAM/SHJ,Y,145,0,0,143,0,0,2,"21,670.05",99%,0,ACT,0,143,2
8/13/2025,RB443,DAM/IST,C,12,0,0,6,0,0,6,"1,497.50",50%,0,ACT,0,6,6
8/13/2025,RB443,DAM/IST,Y,141,0,0,79,0,0,62,"8,463.18",56%,0,ACT,0,79,62
8/13/2025,RB522,DOH/DAM,C,12,0,0,4,0,0,8,"1,100.53",33%,0,ACT,0,4,8
8/13/2025,RB522,DOH/DAM,Y,148,0,0,92,0,0,56,"14,825.00",62%,0,ACT,0,92,56
8/13/2025,RB444,IST/DAM,C,12,0,0,3,0,0,9,789.5,25%,0,ACT,0,3,9
8/13/2025,RB444,IST/DAM,Y,141,0,0,114,0,0,27,"13,559.08",81%,0,ACT,0,114,27
8/13/2025,RB502,SHJ/DAM,C,12,0,0,0,0,0,12,0,0%,0,ACT,0,0,12
8/13/2025,RB502,SHJ/DAM,Y,145,0,0,31,0,0,114,"1,715.55",21%,0,ACT,0,31,114
8/14/2025,RB505,DAM/SHJ,C,12,0,0,1,0,0,11,361.26,8%,0,ACT,0,1,11
8/14/2025,RB505,DAM/SHJ,Y,145,0,0,106,0,0,39,"13,793.63",73%,0,ACT,0,106,39
8/14/2025,RB515,DAM/DXB,C,12,0,0,6,0,0,6,"2,050.09",50%,0,ACT,0,6,6
8/14/2025,RB515,DAM/DXB,Y,145,0,0,142,0,0,3,"17,631.23",98%,0,ACT,0,142,3
8/14/2025,RB527,DAM/DMM,C,12,0,0,12,0,0,0,"3,973.34",100%,0,ACT,0,12,0
8/14/2025,RB527,DAM/DMM,Y,148,0,0,147,0,0,1,"27,345.91",99%,0,ACT,0,147,1
8/14/2025,RB528,DMM/DAM,C,12,0,0,3,0,0,9,"1,306.67",25%,0,ACT,0,3,9
8/14/2025,RB528,DMM/DAM,Y,148,0,0,57,0,0,91,"10,586.09",39%,0,ACT,0,57,91
8/14/2025,RB506,SHJ/DAM,C,12,0,0,1,0,0,11,471.42,8%,0,ACT,0,1,11
8/14/2025,RB506,SHJ/DAM,Y,145,0,0,73,0,0,72,"4,862.52",50%,0,ACT,0,73,72
8/14/2025,RB516,DXB/DAM,C,12,0,0,8,0,0,4,"3,106.43",67%,0,ACT,0,8,4
8/14/2025,RB516,DXB/DAM,Y,145,0,0,48,0,0,97,"3,291.09",33%,0,ACT,0,48,97
8/14/2025,RB381,DAM/JED,C,12,0,0,8,0,0,4,"2,863.23",67%,0,ACT,0,8,4
8/14/2025,RB381,DAM/JED,Y,148,0,0,147,0,0,1,"27,886.96",99%,0,ACT,0,147,1
8/14/2025,RB501,DAM/SHJ,C,12,0,0,6,0,0,6,"2,278.18",50%,0,ACT,0,6,6
8/14/2025,RB501,DAM/SHJ,Y,145,0,0,143,0,0,2,"22,423.11",99%,0,ACT,0,143,2
8/14/2025,RB341,DAM/KWI,C,12,0,0,5,0,0,7,"1,105.95",42%,0,ACT,0,5,7
8/14/2025,RB341,DAM/KWI,Y,141,0,0,140,0,0,1,"13,829.53",99%,0,ACT,0,140,1
8/14/2025,RB382,JED/DAM,C,12,0,0,0,0,0,12,0,0%,0,ACT,0,0,12
8/14/2025,RB382,JED/DAM,Y,148,0,0,21,0,0,127,"2,404.38",14%,0,ACT,0,21,127
8/14/2025,RB342,KWI/DAM,C,12,0,0,2,0,0,10,454.5,17%,0,ACT,0,2,10
8/14/2025,RB342,KWI/DAM,Y,141,0,0,115,0,0,26,"11,727.15",82%,0,ACT,0,115,26
8/14/2025,RB502,SHJ/DAM,C,12,0,0,3,0,0,9,765,25%,0,ACT,0,3,9
8/14/2025,RB502,SHJ/DAM,Y,145,0,0,29,0,0,116,"1,245.30",20%,0,ACT,0,29,116
8/14/2025,RB445,DAM/IST,C,12,0,0,1,0,0,11,207.75,8%,0,ACT,0,1,11
8/14/2025,RB445,DAM/IST,Y,141,0,0,66,0,0,75,"6,581.74",47%,0,ACT,0,66,75
8/15/2025,RB446,IST/DAM,C,12,0,0,1,0,0,11,374,8%,0,ACT,0,1,11
8/15/2025,RB446,IST/DAM,Y,141,0,0,71,0,0,70,"8,262.00",50%,0,ACT,0,71,70
8/15/2025,RB505,DAM/SHJ,C,12,0,0,0,0,0,12,0,0%,0,ACT,0,0,12
8/15/2025,RB505,DAM/SHJ,Y,145,0,0,133,0,0,12,"18,097.41",92%,0,ACT,0,133,12
8/15/2025,RB503,DAM/AUH,C,12,0,0,8,0,0,4,"2,968.34",67%,0,ACT,0,8,4
8/15/2025,RB503,DAM/AUH,Y,148,0,0,142,0,0,6,"28,082.78",96%,0,ACT,0,142,6
8/15/2025,RB515,DAM/DXB,C,12,0,0,7,0,0,5,"2,528.24",58%,0,ACT,0,7,5
8/15/2025,RB515,DAM/DXB,Y,145,0,0,142,0,0,3,"20,584.33",98%,0,ACT,0,142,3
8/15/2025,RB506,SHJ/DAM,C,12,0,0,3,0,0,9,981.42,25%,0,ACT,0,3,9
8/15/2025,RB506,SHJ/DAM,Y,145,0,0,89,0,0,56,"6,209.04",61%,0,ACT,0,89,56
8/15/2025,RB504,AUH/DAM,C,12,0,0,4,0,0,8,"1,374.61",33%,0,ACT,0,4,8
8/15/2025,RB504,AUH/DAM,Y,148,0,0,87,0,0,61,"6,584.29",59%,0,ACT,0,87,61
8/15/2025,RB516,DXB/DAM,C,12,0,0,12,0,0,0,"3,425.21",100%,0,ACT,0,12,0
8/15/2025,RB516,DXB/DAM,Y,145,0,0,103,0,0,42,"7,935.80",71%,0,ACT,0,103,42
8/15/2025,RB501,DAM/SHJ,C,12,0,0,11,0,0,1,"3,938.72",92%,0,ACT,0,11,1
8/15/2025,RB501,DAM/SHJ,Y,145,0,0,142,0,0,3,"25,562.64",98%,0,ACT,0,142,3
8/15/2025,RB443,DAM/IST,C,12,0,0,6,0,0,6,"1,579.50",50%,0,ACT,0,6,6
8/15/2025,RB443,DAM/IST,Y,141,0,0,114,0,0,27,"11,305.04",81%,0,ACT,0,114,27
8/15/2025,RB389,DAM/RUH,C,12,0,0,12,0,0,0,"4,370.87",100%,0,ACT,0,12,0
8/15/2025,RB389,DAM/RUH,Y,148,0,0,149,0,0,0,"31,274.76",101%,0,ACT,0,149,0
8/15/2025,RB444,IST/DAM,C,12,0,0,4,0,0,8,"1,205.75",33%,0,ACT,0,4,8
8/15/2025,RB444,IST/DAM,Y,141,0,0,137,0,0,4,"16,513.33",97%,0,ACT,0,137,4
8/15/2025,RB502,SHJ/DAM,C,12,0,0,0,0,0,12,0,0%,0,ACT,0,0,12
8/15/2025,RB502,SHJ/DAM,Y,145,0,0,43,0,0,102,"2,872.91",30%,0,ACT,0,43,102
8/15/2025,RB390,RUH/DAM,C,12,0,0,1,0,0,11,346.67,8%,0,ACT,0,1,11
8/15/2025,RB390,RUH/DAM,Y,148,0,0,35,0,0,113,"3,286.95",24%,0,ACT,0,35,113
8/16/2025,RB505,DAM/SHJ,C,12,0,0,1,0,0,11,255,8%,0,ACT,0,1,11
8/16/2025,RB505,DAM/SHJ,Y,145,0,0,139,0,0,6,"21,719.78",96%,0,ACT,0,139,6
8/16/2025,RB515,DAM/DXB,C,12,0,0,4,0,0,8,"1,232.52",33%,0,ACT,0,4,8
8/16/2025,RB515,DAM/DXB,Y,145,0,0,142,0,0,3,"21,243.35",98%,0,ACT,0,142,3
8/16/2025,RB389,DAM/RUH,C,12,0,0,3,0,0,9,"1,037.57",25%,0,ACT,0,3,9
8/16/2025,RB389,DAM/RUH,Y,148,0,0,116,0,0,32,"20,751.84",78%,0,ACT,0,116,32
8/16/2025,RB390,RUH/DAM,C,12,0,0,1,0,0,11,363.75,8%,0,ACT,0,1,11
8/16/2025,RB390,RUH/DAM,Y,148,0,0,11,0,0,137,"1,595.26",7%,0,ACT,0,11,137
8/16/2025,RB506,SHJ/DAM,C,12,0,0,3,0,0,9,977.54,25%,0,ACT,0,3,9
8/16/2025,RB506,SHJ/DAM,Y,145,0,0,64,0,0,81,"4,534.25",44%,0,ACT,0,64,81
8/16/2025,RB516,DXB/DAM,C,12,0,0,5,0,0,7,"1,593.81",42%,0,ACT,0,5,7
8/16/2025,RB516,DXB/DAM,Y,145,0,0,79,0,0,66,"5,033.16",54%,0,ACT,0,79,66
8/16/2025,RB521,DAM/DOH,C,12,0,0,11,0,0,1,"3,457.92",92%,0,ACT,0,11,1
8/16/2025,RB521,DAM/DOH,Y,148,0,0,50,0,0,98,"8,295.83",34%,0,ACT,0,50,98
8/16/2025,RB501,DAM/SHJ,C,12,0,0,11,0,0,1,"4,255.92",92%,0,ACT,0,11,1
8/16/2025,RB501,DAM/SHJ,Y,145,0,0,145,0,0,0,"23,815.20",100%,0,ACT,0,145,0
8/16/2025,RB341,DAM/KWI,C,12,0,0,12,0,0,0,"2,769.15",100%,0,ACT,0,12,0
8/16/2025,RB341,DAM/KWI,Y,141,0,0,140,0,0,1,"14,635.39",99%,0,ACT,0,140,1
8/16/2025,RB342,KWI/DAM,C,12,0,0,1,0,0,11,318.15,8%,0,ACT,0,1,11
8/16/2025,RB342,KWI/DAM,Y,141,0,0,116,0,0,25,"11,944.89",82%,0,ACT,0,116,25
8/16/2025,RB502,SHJ/DAM,C,12,0,0,0,0,0,12,0,0%,0,ACT,0,0,12
8/16/2025,RB502,SHJ/DAM,Y,145,0,0,30,0,0,115,"1,017.74",21%,0,ACT,0,30,115
8/16/2025,RB445,DAM/IST,C,12,0,0,1,0,0,11,291,8%,0,ACT,0,1,11
8/16/2025,RB445,DAM/IST,Y,141,0,0,58,0,0,83,"5,963.65",41%,0,ACT,0,58,83
8/17/2025,RB521,DAM/DOH,C,12,0,0,0,0,0,12,0,0%,0,ACT,0,0,12
8/17/2025,RB521,DAM/DOH,Y,148,0,0,91,0,0,57,"15,015.07",61%,0,ACT,0,91,57
8/17/2025,RB446,IST/DAM,C,12,0,0,0,0,0,12,0,0%,0,ACT,0,0,12
8/17/2025,RB446,IST/DAM,Y,141,0,0,47,0,0,94,"4,783.75",33%,0,ACT,0,47,94
8/17/2025,RB522,DOH/DAM,C,12,0,0,0,0,0,12,0,0%,0,ACT,0,0,12
8/17/2025,RB522,DOH/DAM,Y,148,0,0,57,0,0,91,"9,193.68",39%,0,ACT,0,57,91
8/17/2025,RB505,DAM/SHJ,C,12,0,0,0,0,0,12,0,0%,0,ACT,0,0,12
8/17/2025,RB505,DAM/SHJ,Y,138,0,0,138,0,0,0,"21,068.39",100%,0,ACT,0,138,0
8/17/2025,RB381,DAM/JED,C,12,0,0,6,0,0,6,"2,009.33",50%,0,ACT,0,6,6
8/17/2025,RB381,DAM/JED,Y,148,0,0,132,0,0,16,"18,117.08",89%,0,ACT,0,132,16
8/17/2025,RB382,JED/DAM,C,12,0,0,6,0,0,6,"2,773.34",50%,0,ACT,0,6,6
8/17/2025,RB382,JED/DAM,Y,148,0,0,29,0,0,119,"3,460.10",20%,0,ACT,0,29,119
8/17/2025,RB506,SHJ/DAM,C,12,0,0,1,0,0,11,361.27,8%,0,ACT,0,1,11
8/17/2025,RB506,SHJ/DAM,Y,138,0,0,65,0,0,73,"3,932.20",47%,0,ACT,0,65,73
8/17/2025,RB443,DAM/IST,C,12,0,0,12,0,0,0,"3,492.00",100%,0,ACT,0,12,0
8/17/2025,RB443,DAM/IST,Y,141,0,0,136,0,0,5,"14,018.77",96%,0,ACT,0,136,5
8/17/2025,RB501,DAM/SHJ,C,12,0,0,8,0,0,4,"3,042.47",67%,0,ACT,0,8,4
8/17/2025,RB501,DAM/SHJ,Y,145,0,0,144,0,0,1,"25,861.59",99%,0,ACT,0,144,1
8/17/2025,RB444,IST/DAM,C,12,0,0,2,0,0,10,500,17%,0,ACT,0,2,10
8/17/2025,RB444,IST/DAM,Y,141,0,0,100,0,0,41,"11,351.55",71%,0,ACT,0,100,41
8/17/2025,RB515,DAM/DXB,C,12,0,0,6,0,0,6,"2,278.41",50%,0,ACT,0,6,6
8/17/2025,RB515,DAM/DXB,Y,145,0,0,141,0,0,4,"22,573.54",97%,0,ACT,0,141,4
8/17/2025,RB502,SHJ/DAM,C,12,0,0,0,0,0,12,0,0%,0,ACT,0,0,12
8/17/2025,RB502,SHJ/DAM,Y,145,0,0,35,0,0,110,"1,580.47",24%,0,ACT,0,35,110
8/17/2025,RB357,DAM/MJI,C,12,0,0,0,0,0,12,0,0%,0,ACT,0,0,12
8/17/2025,RB357,DAM/MJI,Y,148,0,0,7,0,0,141,"1,576.25",5%,0,ACT,0,7,141
8/17/2025,RB516,DXB/DAM,C,12,0,0,3,0,0,9,701.25,25%,0,ACT,0,3,9
8/17/2025,RB516,DXB/DAM,Y,145,0,0,47,0,0,98,"3,213.30",32%,0,ACT,0,47,98
8/18/2025,RB358,MJI/DAM,C,12,0,0,0,0,0,12,0,0%,0,ACT,0,0,12
8/18/2025,RB358,MJI/DAM,Y,148,0,0,58,0,0,90,"16,471.25",39%,0,ACT,0,58,90
8/18/2025,RB389,DAM/RUH,C,12,0,0,13,0,0,0,"3,827.49",108%,0,ACT,0,13,0
8/18/2025,RB389,DAM/RUH,Y,148,0,0,148,0,0,0,"25,859.85",100%,0,ACT,0,148,0
8/18/2025,RB443,DAM/IST,C,12,0,0,1,0,0,11,250,8%,0,ACT,0,1,11
8/18/2025,RB443,DAM/IST,Y,141,0,0,72,0,0,69,"7,085.40",51%,0,ACT,0,72,69
8/18/2025,RB515,DAM/DXB,C,12,0,0,9,0,0,3,"3,275.36",75%,0,ACT,0,9,3
8/18/2025,RB515,DAM/DXB,Y,145,0,0,140,0,0,5,"21,368.82",97%,0,ACT,0,140,5
8/18/2025,RB390,RUH/DAM,C,12,0,0,2,0,0,10,693.34,17%,0,ACT,0,2,10
8/18/2025,RB390,RUH/DAM,Y,148,0,0,50,0,0,98,"4,259.81",34%,0,ACT,0,50,98
8/18/2025,RB444,IST/ALP,C,12,0,0,1,0,0,11,374,8%,0,ACT,0,1,11
8/18/2025,RB444,IST/ALP,Y,141,0,0,105,0,0,36,"12,729.41",74%,0,ACT,0,105,36
8/18/2025,RB517,ALP/DXB,C,12,0,0,10,0,0,2,"3,622.39",83%,0,ACT,0,10,2
8/18/2025,RB517,ALP/DXB,Y,141,0,0,141,0,0,0,"20,868.91",100%,0,ACT,0,141,0
8/18/2025,RB516,DXB/DAM,C,12,0,0,5,0,0,7,"1,661.31",42%,0,ACT,0,5,7
8/18/2025,RB516,DXB/DAM,Y,145,0,0,58,0,0,87,"3,573.75",40%,0,ACT,0,58,87
8/18/2025,RB501,DAM/SHJ,C,12,0,0,2,0,0,10,616.26,17%,0,ACT,0,2,10
8/18/2025,RB501,DAM/SHJ,Y,145,0,0,143,0,0,2,"25,628.91",99%,0,ACT,0,143,2
8/18/2025,RB521,DAM/DOH,C,12,0,0,11,0,0,1,"3,421.14",92%,0,ACT,0,11,1
8/18/2025,RB521,DAM/DOH,Y,148,0,0,146,0,0,2,"25,723.73",99%,0,ACT,0,146,2
8/18/2025,RB518,DXB/ALP,C,12,0,0,3,0,0,9,"1,304.11",25%,0,ACT,0,3,9
8/18/2025,RB518,DXB/ALP,Y,141,0,0,67,0,0,74,"8,584.14",48%,0,ACT,0,67,74
8/18/2025,RB522,DOH/DAM,C,12,0,0,2,0,0,10,767.13,17%,0,ACT,0,2,10
8/18/2025,RB522,DOH/DAM,Y,148,0,0,21,0,0,127,"3,241.69",14%,0,ACT,0,21,127
8/18/2025,RB502,SHJ/DAM,C,12,0,0,0,0,0,12,0,0%,0,ACT,0,0,12
8/18/2025,RB502,SHJ/DAM,Y,145,0,0,47,0,0,98,"2,241.93",32%,0,ACT,0,47,98
8/18/2025,RB445,ALP/IST,C,12,0,0,0,0,0,12,0,0%,0,ACT,0,0,12
8/18/2025,RB445,ALP/IST,Y,141,0,0,96,0,0,45,"10,269.57",68%,0,ACT,0,96,45
8/19/2025,RB446,IST/DAM,C,12,0,0,0,0,0,12,0,0%,0,ACT,0,0,12
8/19/2025,RB446,IST/DAM,Y,138,0,0,45,0,0,93,"5,200.50",33%,0,ACT,0,45,93
8/19/2025,RB515,DAM/DXB,C,12,0,0,4,0,0,8,"1,232.52",33%,0,ACT,0,4,8
8/19/2025,RB515,DAM/DXB,Y,145,0,0,134,0,0,11,"17,995.83",92%,0,ACT,0,134,11
8/19/2025,RB341,DAM/KWI,C,12,0,0,2,0,0,10,340.88,17%,0,ACT,0,2,10
8/19/2025,RB341,DAM/KWI,Y,148,0,0,130,0,0,18,"12,976.61",88%,0,ACT,0,130,18
8/19/2025,RB342,KWI/DAM,C,12,0,0,0,0,0,12,0,0%,0,ACT,0,0,12
8/19/2025,RB342,KWI/DAM,Y,148,0,0,111,0,0,37,"11,161.25",75%,0,ACT,0,111,37
8/19/2025,RB516,DXB/DAM,C,12,0,0,1,0,0,11,255,8%,0,ACT,0,1,11
8/19/2025,RB516,DXB/DAM,Y,145,0,0,39,0,0,106,"1,744.41",27%,0,ACT,0,39,106
8/19/2025,RB503,DAM/AUH,C,12,0,0,12,0,0,0,"4,426.92",100%,0,ACT,0,12,0
8/19/2025,RB503,DAM/AUH,Y,148,0,0,145,0,0,3,"27,605.20",98%,0,ACT,0,145,3
8/19/2025,RB501,DAM/SHJ,C,12,0,0,12,0,0,0,"4,255.94",100%,0,ACT,0,12,0
8/19/2025,RB501,DAM/SHJ,Y,145,0,0,146,0,0,0,"26,180.37",101%,0,ACT,0,146,0
8/19/2025,RB443,DAM/IST,C,12,0,0,8,0,0,4,"2,342.28",67%,0,ACT,0,8,4
8/19/2025,RB443,DAM/IST,Y,141,0,0,93,0,0,48,"9,307.58",66%,0,ACT,0,93,48
8/19/2025,RB504,AUH/DAM,C,12,0,0,1,0,0,11,425.98,8%,0,ACT,0,1,11
8/19/2025,RB504,AUH/DAM,Y,148,0,0,50,0,0,98,"3,300.69",34%,0,ACT,0,50,98
8/19/2025,RB444,IST/DAM,C,12,0,0,5,0,0,7,"1,371.25",42%,0,ACT,0,5,7
8/19/2025,RB444,IST/DAM,Y,141,0,0,81,0,0,60,"9,139.26",57%,0,ACT,0,81,60
8/19/2025,RB502,SHJ/DAM,C,12,0,0,0,0,0,12,0,0%,0,ACT,0,0,12
8/19/2025,RB502,SHJ/DAM,Y,145,0,0,34,0,0,111,"1,573.61",23%,0,ACT,0,34,111
8/20/2025,RB505,DAM/SHJ,C,12,0,0,7,0,0,5,"2,745.93",58%,0,ACT,0,7,5
8/20/2025,RB505,DAM/SHJ,Y,145,0,0,132,0,0,13,"19,381.89",91%,0,ACT,0,132,13
8/20/2025,RB515,DAM/DXB,C,12,0,0,1,0,0,11,255,8%,0,ACT,0,1,11
8/20/2025,RB515,DAM/DXB,Y,145,0,0,143,0,0,2,"21,202.69",99%,0,ACT,0,143,2
8/20/2025,RB389,DAM/RUH,C,12,0,0,11,0,0,1,"3,437.63",92%,0,ACT,0,11,1
8/20/2025,RB389,DAM/RUH,Y,148,0,0,141,0,0,7,"26,355.15",95%,0,ACT,0,141,7
8/20/2025,RB390,RUH/DAM,C,12,0,0,0,0,0,12,0,0%,0,ACT,0,0,12
8/20/2025,RB390,RUH/DAM,Y,148,0,0,41,0,0,107,"3,565.87",28%,0,ACT,0,41,107
8/20/2025,RB506,SHJ/DAM,C,12,0,0,4,0,0,8,"1,452.84",33%,0,ACT,0,4,8
8/20/2025,RB506,SHJ/DAM,Y,145,0,0,82,0,0,63,"5,463.55",57%,0,ACT,0,82,63
8/20/2025,RB516,DXB/DAM,C,12,0,0,4,0,0,8,"1,555.23",33%,0,ACT,0,4,8
8/20/2025,RB516,DXB/DAM,Y,145,0,0,60,0,0,85,"4,168.86",41%,0,ACT,0,60,85
8/20/2025,RB521,DAM/DOH,C,12,0,0,12,0,0,0,"3,792.97",100%,0,ACT,0,12,0
8/20/2025,RB521,DAM/DOH,Y,148,0,0,148,0,0,0,"23,831.86",100%,0,ACT,0,148,0
8/20/2025,RB501,DAM/SHJ,C,12,0,0,7,0,0,5,"2,200.40",58%,0,ACT,0,7,5
8/20/2025,RB501,DAM/SHJ,Y,145,0,0,143,0,0,2,"23,076.39",99%,0,ACT,0,143,2
8/20/2025,RB443,DAM/IST,C,12,0,0,4,0,0,8,831,33%,0,ACT,0,4,8
8/20/2025,RB443,DAM/IST,Y,141,0,0,126,0,0,15,"12,504.65",89%,0,ACT,0,126,15
8/20/2025,RB522,DOH/DAM,C,12,0,0,4,0,0,8,"1,124.40",33%,0,ACT,0,4,8
8/20/2025,RB522,DOH/DAM,Y,148,0,0,76,0,0,72,"10,077.53",51%,0,ACT,0,76,72
8/20/2025,RB444,IST/DAM,C,12,0,0,2,0,0,10,581.75,17%,0,ACT,0,2,10
8/20/2025,RB444,IST/DAM,Y,141,0,0,93,0,0,48,"10,641.90",66%,0,ACT,0,93,48
8/20/2025,RB502,SHJ/DAM,C,12,0,0,1,0,0,11,471.42,8%,0,ACT,0,1,11
8/20/2025,RB502,SHJ/DAM,Y,145,0,0,27,0,0,118,987.23,19%,0,ACT,0,27,118
8/21/2025,RB505,DAM/SHJ,C,12,0,0,0,0,0,12,0,0%,0,ACT,0,0,12
8/21/2025,RB505,DAM/SHJ,Y,145,0,0,132,0,0,13,"16,760.34",91%,0,ACT,0,132,13
8/21/2025,RB515,DAM/DXB,C,12,0,0,9,0,0,3,"2,839.38",75%,0,ACT,0,9,3
8/21/2025,RB515,DAM/DXB,Y,145,0,0,145,0,0,0,"20,502.36",100%,0,ACT,0,145,0
8/21/2025,RB527,DAM/DMM,C,12,0,0,11,0,0,1,"3,986.64",92%,0,ACT,0,11,1
8/21/2025,RB527,DAM/DMM,Y,148,0,0,148,0,0,0,"29,366.46",100%,0,ACT,0,148,0
8/21/2025,RB528,DMM/DAM,C,12,0,0,1,0,0,11,520,8%,0,ACT,0,1,11
8/21/2025,RB528,DMM/DAM,Y,148,0,0,45,0,0,103,"4,917.50",30%,0,ACT,0,45,103
8/21/2025,RB506,SHJ/DAM,C,12,0,0,0,0,0,12,0,0%,0,ACT,0,0,12
8/21/2025,RB506,SHJ/DAM,Y,145,0,0,43,0,0,102,"2,078.67",30%,0,ACT,0,43,102
8/21/2025,RB516,DXB/DAM,C,12,0,0,0,0,0,12,0,0%,0,ACT,0,0,12
8/21/2025,RB516,DXB/DAM,Y,145,0,0,42,0,0,103,"2,717.29",29%,0,ACT,0,42,103
8/21/2025,RB381,DAM/JED,C,12,0,0,7,0,0,5,"2,131.77",58%,0,ACT,0,7,5
8/21/2025,RB381,DAM/JED,Y,148,0,0,148,0,0,0,"28,337.39",100%,0,ACT,0,148,0
8/21/2025,RB501,DAM/SHJ,C,12,0,0,12,0,0,0,"3,515.57",100%,0,ACT,0,12,0
8/21/2025,RB501,DAM/SHJ,Y,145,0,0,142,0,0,3,"22,158.68",98%,0,ACT,0,142,3
8/21/2025,RB341,DAM/KWI,C,12,0,0,11,0,0,1,"2,176.73",92%,0,ACT,0,11,1
8/21/2025,RB341,DAM/KWI,Y,141,0,0,140,0,0,1,"14,526.46",99%,0,ACT,0,140,1
8/21/2025,RB382,JED/DAM,C,12,0,0,2,0,0,10,498.14,17%,0,ACT,0,2,10
8/21/2025,RB382,JED/DAM,Y,148,0,0,16,0,0,132,"1,364.50",11%,0,ACT,0,16,132
8/21/2025,RB342,KWI/DAM,C,12,0,0,1,0,0,11,271.6,8%,0,ACT,0,1,11
8/21/2025,RB342,KWI/DAM,Y,141,0,0,95,0,0,46,"9,016.06",67%,0,ACT,0,95,46
8/21/2025,RB502,SHJ/DAM,C,12,0,0,0,0,0,12,0,0%,0,ACT,0,0,12
8/21/2025,RB502,SHJ/DAM,Y,145,0,0,29,0,0,116,"1,073.24",20%,0,ACT,0,29,116
8/21/2025,RB445,DAM/IST,C,12,0,0,6,0,0,6,"1,664.00",50%,0,ACT,0,6,6
8/21/2025,RB445,DAM/IST,Y,141,0,0,70,0,0,71,"7,392.08",50%,0,ACT,0,70,71
8/22/2025,RB446,IST/DAM,C,12,0,0,11,0,0,1,"3,947.75",92%,0,ACT,0,11,1
8/22/2025,RB446,IST/DAM,Y,141,0,0,37,0,0,104,"3,794.75",26%,0,ACT,0,37,104
8/22/2025,RB505,DAM/SHJ,C,12,0,0,4,0,0,8,"1,264.42",33%,0,ACT,0,4,8
8/22/2025,RB505,DAM/SHJ,Y,145,0,0,141,0,0,4,"22,090.11",97%,0,ACT,0,141,4
8/22/2025,RB503,DAM/AUH,C,12,0,0,5,0,0,7,"1,600.09",42%,0,ACT,0,5,7
8/22/2025,RB503,DAM/AUH,Y,148,0,0,140,0,0,8,"25,799.46",95%,0,ACT,0,140,8
8/22/2025,RB515,DAM/DXB,C,12,0,0,11,0,0,1,"4,001.17",92%,0,ACT,0,11,1
8/22/2025,RB515,DAM/DXB,Y,145,0,0,142,0,0,3,"20,013.98",98%,0,ACT,0,142,3
8/22/2025,RB506,SHJ/DAM,C,12,0,0,1,0,0,11,361.27,8%,0,ACT,0,1,11
8/22/2025,RB506,SHJ/DAM,Y,145,0,0,67,0,0,78,"4,427.87",46%,0,ACT,0,67,78
8/22/2025,RB504,AUH/DAM,C,12,0,0,1,0,0,11,255,8%,0,ACT,0,1,11
8/22/2025,RB504,AUH/DAM,Y,148,0,0,95,0,0,53,"6,789.60",64%,0,ACT,0,95,53
8/22/2025,RB516,DXB/DAM,C,12,0,0,5,0,0,7,"1,375.34",42%,0,ACT,0,5,7
8/22/2025,RB516,DXB/DAM,Y,145,0,0,57,0,0,88,"3,075.38",39%,0,ACT,0,57,88
8/22/2025,RB501,DAM/SHJ,C,12,0,0,10,0,0,2,"3,253.25",83%,0,ACT,0,10,2
8/22/2025,RB501,DAM/SHJ,Y,145,0,0,139,0,0,6,"24,903.58",96%,0,ACT,0,139,6
8/22/2025,RB443,DAM/IST,C,12,0,0,6,0,0,6,"1,796.80",50%,0,ACT,0,6,6
8/22/2025,RB443,DAM/IST,Y,141,0,0,84,0,0,57,"8,800.24",60%,0,ACT,0,84,57
8/22/2025,RB389,DAM/RUH,C,12,0,0,12,0,0,0,"4,439.98",100%,0,ACT,0,12,0
8/22/2025,RB389,DAM/RUH,Y,148,0,0,147,0,0,1,"29,220.81",99%,0,ACT,0,147,1
8/22/2025,RB444,IST/DAM,C,12,0,0,2,0,0,10,624,17%,0,ACT,0,2,10
8/22/2025,RB444,IST/DAM,Y,141,0,0,74,0,0,67,"8,483.15",52%,0,ACT,0,74,67
8/22/2025,RB502,SHJ/DAM,C,12,0,0,0,0,0,12,0,0%,0,ACT,0,0,12
8/22/2025,RB502,SHJ/DAM,Y,145,0,0,34,0,0,111,"1,503.27",23%,0,ACT,0,34,111
8/22/2025,RB390,RUH/DAM,C,12,0,0,1,0,0,11,229.5,8%,0,ACT,0,1,11
8/22/2025,RB390,RUH/DAM,Y,148,0,0,24,0,0,124,770.33,16%,0,ACT,0,24,124
8/23/2025,RB505,DAM/SHJ,C,12,0,0,3,0,0,9,993.47,25%,0,ACT,0,3,9
8/23/2025,RB505,DAM/SHJ,Y,145,0,0,142,0,0,3,"21,137.34",98%,0,ACT,0,142,3
8/23/2025,RB515,DAM/DXB,C,12,0,0,10,0,0,2,"3,788.17",83%,0,ACT,0,10,2
8/23/2025,RB515,DAM/DXB,Y,145,0,0,142,0,0,3,"22,741.61",98%,0,ACT,0,142,3
8/23/2025,RB389,DAM/RUH,C,12,0,0,10,0,0,2,"3,539.98",83%,0,ACT,0,10,2
8/23/2025,RB389,DAM/RUH,Y,148,0,0,147,0,0,1,"24,543.57",99%,0,ACT,0,147,1
8/23/2025,RB390,RUH/DAM,C,12,0,0,2,0,0,10,693.34,17%,0,ACT,0,2,10
8/23/2025,RB390,RUH/DAM,Y,148,0,0,33,0,0,115,"2,020.90",22%,0,ACT,0,33,115
8/23/2025,RB506,SHJ/DAM,C,12,0,0,0,0,0,12,0,0%,0,ACT,0,0,12
8/23/2025,RB506,SHJ/DAM,Y,145,0,0,46,0,0,99,"2,691.06",32%,0,ACT,0,46,99
8/23/2025,RB516,DXB/DAM,C,12,0,0,7,0,0,5,"2,604.13",58%,0,ACT,0,7,5
8/23/2025,RB516,DXB/DAM,Y,145,0,0,59,0,0,86,"3,481.08",41%,0,ACT,0,59,86
8/23/2025,RB521,DAM/DOH,C,12,0,0,12,0,0,0,"3,595.37",100%,0,ACT,0,12,0
8/23/2025,RB521,DAM/DOH,Y,148,0,0,147,0,0,1,"23,761.33",99%,0,ACT,0,147,1
8/23/2025,RB501,DAM/SHJ,C,12,0,0,11,0,0,1,"4,042.94",92%,0,ACT,0,11,1
8/23/2025,RB501,DAM/SHJ,Y,145,0,0,140,0,0,5,"21,419.24",97%,0,ACT,0,140,5
8/23/2025,RB341,DAM/KWI,C,12,0,0,11,0,0,1,"2,211.91",92%,0,ACT,0,11,1
8/23/2025,RB341,DAM/KWI,Y,141,0,0,141,0,0,0,"15,137.80",100%,0,ACT,0,141,0
8/23/2025,RB522,DOH/DAM,C,12,0,0,0,0,0,12,0,0%,0,ACT,0,0,12
8/23/2025,RB522,DOH/DAM,Y,148,0,0,40,0,0,108,"4,993.48",27%,0,ACT,0,40,108
8/23/2025,RB342,KWI/DAM,C,12,0,0,1,0,0,11,227.25,8%,0,ACT,0,1,11
8/23/2025,RB342,KWI/DAM,Y,141,0,0,57,0,0,84,"4,999.88",40%,0,ACT,0,57,84
8/23/2025,RB502,SHJ/DAM,C,12,0,0,3,0,0,9,476.52,25%,0,ACT,0,3,9
8/23/2025,RB502,SHJ/DAM,Y,145,0,0,10,0,0,135,274.3,7%,0,ACT,0,10,135
8/23/2025,RB445,DAM/IST,C,12,0,0,0,0,0,12,0,0%,0,ACT,0,0,12
8/23/2025,RB445,DAM/IST,Y,141,0,0,87,0,0,54,"8,532.81",62%,0,ACT,0,87,54
