,,,,SEAT INVENTORY AND COLLECTIONS,,,,,,,
Report ID,: UC_REPM_015,,,,,,,,,,
From Date,: 15/09/2025,,,,,,,Print Date :,15/09/2,,
To Date,: 01/10/2025,,,,,,,Print Time :,11:06,,
Flight Date,Flight No,Segment,COS,Seats Allocate,Seats Sold,On Hold,Seats Available,Fare Collection(USD),Seat Factor,Sold Seats ,Ava.Seats 
9/15/2025,RB443,DAM/IST,C,12,0,0,12,0,0%,0,12
9/15/2025,RB443,DAM/IST,Y,141,80,0,61,"7,359.35",57%,80,61
9/15/2025,RB515,DAM/DXB,C,12,0,0,12,0,0%,0,12
9/15/2025,RB515,DAM/DXB,Y,145,65,0,80,"5,510.34",45%,65,80
9/15/2025,RB444,IST/ALP,C,12,0,0,12,0,0%,0,12
9/15/2025,RB444,IST/ALP,Y,141,45,0,96,"3,162.92",32%,45,96
9/15/2025,RB517,ALP/DXB,C,12,3,0,9,"1,237.24",25%,3,9
9/15/2025,RB517,ALP/DXB,Y,141,64,0,77,"8,236.44",45%,64,77
9/15/2025,RB516,DXB/DAM,C,12,4,0,8,"1,232.54",33%,4,8
9/15/2025,RB516,DXB/DAM,Y,145,54,0,91,"3,372.80",37%,54,91
9/15/2025,RB521,DAM/DOH,C,12,2,0,10,507,17%,2,10
9/15/2025,RB521,DAM/DOH,Y,148,98,0,50,"14,797.62",66%,98,50
9/15/2025,RB518,DXB/ALP,C,12,1,0,11,361.27,8%,1,11
9/15/2025,RB518,DXB/ALP,Y,138,35,0,103,"2,938.34",25%,35,103
9/15/2025,RB522,DOH/DAM,C,12,1,0,11,253.5,8%,1,11
9/15/2025,RB522,DOH/DAM,Y,148,56,0,92,"7,449.31",38%,56,92
9/15/2025,RB445,ALP/IST,C,12,0,0,12,0,0%,0,12
9/15/2025,RB445,ALP/IST,Y,141,43,0,98,"3,099.40",30%,43,98
9/16/2025,RB446,IST/DAM,C,12,0,0,12,0,0%,0,12
9/16/2025,RB446,IST/DAM,Y,138,29,0,109,"2,444.31",21%,29,109
9/16/2025,RB515,DAM/DXB,C,12,0,0,12,0,0%,0,12
9/16/2025,RB515,DAM/DXB,Y,145,42,0,103,"3,351.25",29%,42,103
9/16/2025,RB341,DAM/KWI,C,12,6,0,6,"1,060.52",50%,6,6
9/16/2025,RB341,DAM/KWI,Y,148,144,0,4,"13,940.40",97%,144,4
9/16/2025,RB342,KWI/DAM,C,12,1,0,11,227.25,8%,1,11
9/16/2025,RB342,KWI/DAM,Y,148,41,0,107,"3,638.04",28%,41,107
9/16/2025,RB516,DXB/DAM,C,12,2,2,8,"1,337.18",33%,2,8
9/16/2025,RB516,DXB/DAM,Y,145,39,0,106,"1,859.99",27%,39,106
9/16/2025,RB503,DAM/AUH,C,12,0,0,12,0,0%,0,12
9/16/2025,RB503,DAM/AUH,Y,148,103,0,45,"9,101.71",70%,103,45
9/16/2025,RB501,DAM/SHJ,C,12,2,0,10,811.26,17%,2,10
9/16/2025,RB501,DAM/SHJ,Y,141,126,0,15,"11,411.39",89%,126,15
9/16/2025,RB504,AUH/DAM,C,12,2,0,10,722.54,17%,2,10
9/16/2025,RB504,AUH/DAM,Y,148,51,1,96,"2,663.17",35%,51,96
9/16/2025,RB502,SHJ/DAM,C,12,0,0,12,0,0%,0,12
9/16/2025,RB502,SHJ/DAM,Y,141,25,0,116,"1,277.53",18%,25,116
9/17/2025,RB515,DAM/DXB,C,12,1,0,11,361.26,8%,1,11
9/17/2025,RB515,DAM/DXB,Y,145,19,0,126,"1,313.36",13%,19,126
9/17/2025,RB389,DAM/RUH,C,12,1,1,10,573.75,17%,1,10
9/17/2025,RB389,DAM/RUH,Y,148,22,4,122,"3,248.77",18%,22,122
9/17/2025,RB390,RUH/DAM,C,12,9,0,3,"2,998.01",75%,9,3
9/17/2025,RB390,RUH/DAM,Y,148,48,0,100,"3,922.13",32%,48,100
9/17/2025,RB516,DXB/DAM,C,12,3,0,9,871.27,25%,3,9
9/17/2025,RB516,DXB/DAM,Y,145,39,0,106,"1,621.84",27%,39,106
9/17/2025,RB521,DAM/DOH,C,12,0,2,10,709.8,17%,0,10
9/17/2025,RB521,DAM/DOH,Y,120,92,5,23,"15,000.06",81%,92,23
9/17/2025,RB501,DAM/SHJ,C,12,1,0,11,255,8%,1,11
9/17/2025,RB501,DAM/SHJ,Y,145,64,0,81,"5,533.43",44%,64,81
9/17/2025,RB443,DAM/IST,C,12,2,0,10,415.5,17%,2,10
9/17/2025,RB443,DAM/IST,Y,141,60,0,81,"5,066.76",43%,60,81
9/17/2025,RB522,DOH/DAM,C,12,0,2,10,986.3,17%,0,10
9/17/2025,RB522,DOH/DAM,Y,120,63,8,49,"11,342.61",59%,63,49
9/17/2025,RB444,IST/DAM,C,12,2,0,10,415.5,17%,2,10
9/17/2025,RB444,IST/DAM,Y,141,44,0,97,"4,040.11",31%,44,97
9/17/2025,RB502,SHJ/DAM,C,12,0,0,12,0,0%,0,12
9/17/2025,RB502,SHJ/DAM,Y,145,15,0,130,"1,067.48",10%,15,130
9/18/2025,RB515,DAM/DXB,C,12,2,0,10,811.26,17%,2,10
9/18/2025,RB515,DAM/DXB,Y,145,16,0,129,"1,371.63",11%,16,129
9/18/2025,RB527,DAM/DMM,C,12,0,0,12,0,0%,0,12
9/18/2025,RB527,DAM/DMM,Y,148,49,4,95,"7,270.14",36%,49,95
9/18/2025,RB528,DMM/DAM,C,12,4,0,8,"2,080.00",33%,4,8
9/18/2025,RB528,DMM/DAM,Y,148,62,4,82,"5,207.04",45%,62,82
9/18/2025,RB516,DXB/DAM,C,12,0,0,12,0,0%,0,12
9/18/2025,RB516,DXB/DAM,Y,145,27,0,118,"2,073.07",19%,27,118
9/18/2025,RB381,DAM/JED,C,12,1,0,11,373.61,8%,1,11
9/18/2025,RB381,DAM/JED,Y,148,14,0,134,"2,031.98",9%,14,134
9/18/2025,RB501,DAM/SHJ,C,12,1,0,11,376,8%,1,11
9/18/2025,RB501,DAM/SHJ,Y,120,37,0,83,"3,070.25",31%,37,83
9/18/2025,RB341,DAM/KWI,C,12,8,0,4,"1,674.08",67%,8,4
9/18/2025,RB341,DAM/KWI,Y,141,133,0,8,"13,360.18",94%,133,8
9/18/2025,RB382,JED/DAM,C,12,4,0,8,"1,560.01",33%,4,8
9/18/2025,RB382,JED/DAM,Y,148,45,0,103,"3,965.00",30%,45,103
9/18/2025,RB342,KWI/DAM,C,12,0,0,12,0,0%,0,12
9/18/2025,RB342,KWI/DAM,Y,141,11,0,130,990.3,8%,11,130
9/18/2025,RB502,SHJ/DAM,C,12,0,0,12,0,0%,0,12
9/18/2025,RB502,SHJ/DAM,Y,145,19,0,126,"1,326.84",13%,19,126
9/19/2025,RB515,DAM/DXB,C,12,0,0,12,0,0%,0,12
9/19/2025,RB515,DAM/DXB,Y,145,8,0,137,782.33,6%,8,137
9/19/2025,RB503,DAM/AUH,C,12,0,0,12,0,0%,0,12
9/19/2025,RB503,DAM/AUH,Y,120,61,1,58,"4,996.07",52%,61,58
9/19/2025,RB504,AUH/DAM,C,12,0,0,12,0,0%,0,12
9/19/2025,RB504,AUH/DAM,Y,120,54,0,66,"3,528.02",45%,54,66
9/19/2025,RB516,DXB/DAM,C,12,3,0,9,765,25%,3,9
9/19/2025,RB516,DXB/DAM,Y,145,52,0,93,"3,203.77",36%,52,93
9/19/2025,RB501,DAM/SHJ,C,12,2,0,10,722.52,17%,2,10
9/19/2025,RB501,DAM/SHJ,Y,145,37,0,108,"3,264.14",26%,37,108
9/19/2025,RB443,DAM/IST,C,12,0,0,12,0,0%,0,12
9/19/2025,RB443,DAM/IST,Y,141,45,0,96,"3,551.92",32%,45,96
9/19/2025,RB389,DAM/RUH,C,12,1,0,11,346.66,8%,1,11
9/19/2025,RB389,DAM/RUH,Y,120,46,0,74,"5,941.65",38%,46,74
9/19/2025,RB444,IST/DAM,C,12,1,0,11,436.8,8%,1,11
9/19/2025,RB444,IST/DAM,Y,141,40,0,101,"3,565.16",28%,40,101
9/19/2025,RB502,SHJ/DAM,C,12,0,0,12,0,0%,0,12
9/19/2025,RB502,SHJ/DAM,Y,145,15,0,130,807.81,10%,15,130
9/19/2025,RB390,RUH/DAM,C,12,0,0,12,0,0%,0,12
9/19/2025,RB390,RUH/DAM,Y,120,28,4,88,"1,561.02",27%,28,88
9/20/2025,RB515,DAM/DXB,C,12,2,2,8,"1,333.26",33%,2,8
9/20/2025,RB515,DAM/DXB,Y,145,30,0,115,"2,349.19",21%,30,115
9/20/2025,RB389,DAM/RUH,C,12,0,0,12,0,0%,0,12
9/20/2025,RB389,DAM/RUH,Y,118,8,11,99,"2,112.56",16%,8,99
9/20/2025,RB390,RUH/DAM,C,12,0,0,12,0,0%,0,12
9/20/2025,RB390,RUH/DAM,Y,120,48,3,69,"3,359.95",43%,48,69
9/20/2025,RB516,DXB/DAM,C,12,10,0,2,"3,039.79",83%,10,2
9/20/2025,RB516,DXB/DAM,Y,145,39,0,106,"3,270.42",27%,39,106
9/20/2025,RB521,DAM/DOH,C,12,0,2,10,709.8,17%,0,10
9/20/2025,RB521,DAM/DOH,Y,120,48,5,67,"8,369.71",44%,48,67
9/20/2025,RB501,DAM/SHJ,C,12,1,0,11,361.26,8%,1,11
9/20/2025,RB501,DAM/SHJ,Y,145,84,1,60,"7,218.28",59%,84,60
9/20/2025,RB341,DAM/KWI,C,12,2,0,10,655.65,17%,2,10
9/20/2025,RB341,DAM/KWI,Y,141,138,0,3,"13,472.81",98%,138,3
9/20/2025,RB522,DOH/DAM,C,12,0,2,10,986.3,17%,0,10
9/20/2025,RB522,DOH/DAM,Y,120,41,5,74,"6,587.68",38%,41,74
9/20/2025,RB342,KWI/DAM,C,12,0,0,12,0,0%,0,12
9/20/2025,RB342,KWI/DAM,Y,141,15,0,126,"1,167.42",11%,15,126
9/20/2025,RB502,SHJ/DAM,C,12,2,0,10,510,17%,2,10
9/20/2025,RB502,SHJ/DAM,Y,145,14,0,131,834.3,10%,14,131
9/21/2025,RB515,DAM/DXB,C,12,0,0,12,0,0%,0,12
9/21/2025,RB515,DAM/DXB,Y,120,23,0,97,"1,338.56",19%,23,97
9/21/2025,RB381,DAM/JED,C,12,0,0,12,0,0%,0,12
9/21/2025,RB381,DAM/JED,Y,148,7,0,141,757,5%,7,141
9/21/2025,RB382,JED/DAM,C,12,0,0,12,0,0%,0,12
9/21/2025,RB382,JED/DAM,Y,148,67,0,81,"6,470.70",45%,67,81
9/21/2025,RB516,DXB/DAM,C,12,0,0,12,0,0%,0,12
9/21/2025,RB516,DXB/DAM,Y,120,8,0,112,440.1,7%,8,112
9/21/2025,RB443,DAM/IST,C,12,0,0,12,0,0%,0,12
9/21/2025,RB443,DAM/IST,Y,141,63,1,77,"5,630.83",45%,63,77
9/21/2025,RB501,DAM/SHJ,C,12,8,0,4,"2,943.78",67%,8,4
9/21/2025,RB501,DAM/SHJ,Y,145,67,0,78,"5,170.85",46%,67,78
9/21/2025,RB444,IST/DAM,C,12,3,0,9,623.25,25%,3,9
9/21/2025,RB444,IST/DAM,Y,141,29,0,112,"2,504.61",21%,29,112
9/21/2025,RB502,SHJ/DAM,C,12,0,0,12,0,0%,0,12
9/21/2025,RB502,SHJ/DAM,Y,145,2,0,143,75,1%,2,143
9/22/2025,RB389,DAM/RUH,C,12,0,0,12,0,0%,0,12
9/22/2025,RB389,DAM/RUH,Y,120,10,0,110,"1,184.25",8%,10,110
9/22/2025,RB443,DAM/IST,C,12,0,0,12,0,0%,0,12
9/22/2025,RB443,DAM/IST,Y,141,14,0,127,"1,034.97",10%,14,127
9/22/2025,RB515,DAM/DXB,C,12,3,0,9,977.52,25%,3,9
9/22/2025,RB515,DAM/DXB,Y,145,15,0,130,895.77,10%,15,130
9/22/2025,RB390,RUH/DAM,C,12,0,0,12,0,0%,0,12
9/22/2025,RB390,RUH/DAM,Y,120,28,3,89,"1,318.52",26%,28,89
9/22/2025,RB444,IST/ALP,C,12,0,0,12,0,0%,0,12
9/22/2025,RB444,IST/ALP,Y,141,12,0,129,874.3,9%,12,129
9/22/2025,RB517,ALP/DXB,C,12,0,0,12,0,0%,0,12
9/22/2025,RB517,ALP/DXB,Y,141,42,0,99,"4,729.70",30%,42,99
9/22/2025,RB516,DXB/DAM,C,12,2,0,10,616.27,17%,2,10
9/22/2025,RB516,DXB/DAM,Y,145,12,0,133,687.15,8%,12,133
9/22/2025,RB501,DAM/SHJ,C,12,0,0,12,0,0%,0,12
9/22/2025,RB501,DAM/SHJ,Y,120,29,0,91,"2,785.67",24%,29,91
9/22/2025,RB521,DAM/DOH,C,12,2,0,10,582.26,17%,2,10
9/22/2025,RB521,DAM/DOH,Y,148,25,0,123,"3,491.76",17%,25,123
9/22/2025,RB518,DXB/ALP,C,12,2,0,10,510,17%,2,10
9/22/2025,RB518,DXB/ALP,Y,138,22,0,116,"1,746.44",16%,22,116
9/22/2025,RB522,DOH/DAM,C,12,0,0,12,0,0%,0,12
9/22/2025,RB522,DOH/DAM,Y,148,22,0,126,"2,272.75",15%,22,126
9/22/2025,RB502,SHJ/DAM,C,12,0,0,12,0,0%,0,12
9/22/2025,RB502,SHJ/DAM,Y,120,3,0,117,324.19,3%,3,117
9/22/2025,RB445,ALP/IST,C,12,0,0,12,0,0%,0,12
9/22/2025,RB445,ALP/IST,Y,141,22,0,119,"1,483.80",16%,22,119
9/23/2025,RB446,IST/DAM,C,12,0,0,12,0,0%,0,12
9/23/2025,RB446,IST/DAM,Y,138,1,0,137,71.38,1%,1,137
9/23/2025,RB515,DAM/DXB,C,12,3,0,9,"1,147.46",25%,3,9
9/23/2025,RB515,DAM/DXB,Y,145,6,0,139,460.33,4%,6,139
9/23/2025,RB341,DAM/KWI,C,12,1,0,11,212.1,8%,1,11
9/23/2025,RB341,DAM/KWI,Y,141,64,0,77,"6,070.52",45%,64,77
9/23/2025,RB342,KWI/DAM,C,12,0,0,12,0,0%,0,12
9/23/2025,RB342,KWI/DAM,Y,141,9,0,132,709.32,6%,9,132
9/23/2025,RB516,DXB/DAM,C,12,0,0,12,0,0%,0,12
9/23/2025,RB516,DXB/DAM,Y,145,18,0,127,"1,374.49",12%,18,127
9/23/2025,RB503,DAM/AUH,C,12,3,0,9,"1,083.78",25%,3,9
9/23/2025,RB503,DAM/AUH,Y,148,71,1,76,"6,190.01",49%,71,76
9/23/2025,RB501,DAM/SHJ,C,12,0,0,12,0,0%,0,12
9/23/2025,RB501,DAM/SHJ,Y,120,27,0,93,"1,856.29",23%,27,93
9/23/2025,RB504,AUH/DAM,C,12,0,0,12,0,0%,0,12
9/23/2025,RB504,AUH/DAM,Y,148,7,1,140,516.25,5%,7,140
9/23/2025,RB444,IST/DAM,C,12,3,0,9,623.25,25%,3,9
9/23/2025,RB444,IST/DAM,Y,141,23,0,118,"1,968.59",16%,23,118
9/23/2025,RB502,SHJ/DAM,C,12,0,0,12,0,0%,0,12
9/23/2025,RB502,SHJ/DAM,Y,120,4,0,116,182.19,3%,4,116
9/24/2025,RB515,DAM/DXB,C,12,0,0,12,0,0%,0,12
9/24/2025,RB515,DAM/DXB,Y,145,5,0,140,488.19,3%,5,140
9/24/2025,RB389,DAM/RUH,C,12,3,0,9,805.66,25%,3,9
9/24/2025,RB389,DAM/RUH,Y,148,4,0,144,330.75,3%,4,144
9/24/2025,RB390,RUH/DAM,C,12,1,0,11,520,8%,1,11
9/24/2025,RB390,RUH/DAM,Y,148,25,14,109,"2,249.40",26%,25,109
9/24/2025,RB516,DXB/DAM,C,12,0,0,12,0,0%,0,12
9/24/2025,RB516,DXB/DAM,Y,145,8,0,137,864.5,6%,8,137
9/24/2025,RB521,DAM/DOH,C,12,1,2,9,"1,038.56",25%,1,9
9/24/2025,RB521,DAM/DOH,Y,148,19,5,124,"4,231.73",16%,19,124
9/24/2025,RB501,DAM/SHJ,C,12,0,0,12,0,0%,0,12
9/24/2025,RB501,DAM/SHJ,Y,145,16,0,129,"1,150.08",11%,16,129
9/24/2025,RB443,DAM/IST,C,12,0,0,12,0,0%,0,12
9/24/2025,RB443,DAM/IST,Y,141,15,0,126,"1,044.40",11%,15,126
9/24/2025,RB522,DOH/DAM,C,12,0,2,10,986.3,17%,0,10
9/24/2025,RB522,DOH/DAM,Y,148,32,5,111,"5,641.04",25%,32,111
9/24/2025,RB444,IST/DAM,C,12,6,0,6,"2,244.00",50%,6,6
9/24/2025,RB444,IST/DAM,Y,141,15,0,126,"1,379.23",11%,15,126
9/24/2025,RB502,SHJ/DAM,C,12,0,0,12,0,0%,0,12
9/24/2025,RB502,SHJ/DAM,Y,145,4,0,141,439.39,3%,4,141
9/25/2025,RB515,DAM/DXB,C,12,3,0,9,"1,083.78",25%,3,9
9/25/2025,RB515,DAM/DXB,Y,145,35,0,110,"2,356.37",24%,35,110
9/25/2025,RB527,DAM/DMM,C,12,2,0,10,746.66,17%,2,10
9/25/2025,RB527,DAM/DMM,Y,148,23,1,124,"3,276.57",16%,23,124
9/25/2025,RB528,DMM/DAM,C,12,0,0,12,0,0%,0,12
9/25/2025,RB528,DMM/DAM,Y,148,48,0,100,"2,560.27",32%,48,100
9/25/2025,RB516,DXB/DAM,C,12,0,0,12,0,0%,0,12
9/25/2025,RB516,DXB/DAM,Y,145,15,0,130,"1,022.44",10%,15,130
9/25/2025,RB381,DAM/JED,C,12,3,0,9,346.66,25%,3,9
9/25/2025,RB381,DAM/JED,Y,148,10,0,138,"1,224.32",7%,10,138
9/25/2025,RB501,DAM/SHJ,C,12,0,0,12,0,0%,0,12
9/25/2025,RB501,DAM/SHJ,Y,145,20,0,125,"1,702.53",14%,20,125
9/25/2025,RB341,DAM/KWI,C,12,0,0,12,0,0%,0,12
9/25/2025,RB341,DAM/KWI,Y,141,45,0,96,"3,974.02",32%,45,96
9/25/2025,RB382,JED/DAM,C,12,1,0,11,186.81,8%,1,11
9/25/2025,RB382,JED/DAM,Y,148,148,0,0,"16,880.37",100%,148,0
9/25/2025,RB342,KWI/DAM,C,12,0,0,12,0,0%,0,12
9/25/2025,RB342,KWI/DAM,Y,141,6,0,135,479.4,4%,6,135
9/25/2025,RB502,SHJ/DAM,C,12,0,0,12,0,0%,0,12
9/25/2025,RB502,SHJ/DAM,Y,145,2,0,143,169.25,1%,2,143
9/26/2025,RB515,DAM/DXB,C,12,0,0,12,0,0%,0,12
9/26/2025,RB515,DAM/DXB,Y,145,10,0,135,711.74,7%,10,135
9/26/2025,RB503,DAM/AUH,C,12,0,0,12,0,0%,0,12
9/26/2025,RB503,DAM/AUH,Y,148,54,0,94,"4,030.17",36%,54,94
9/26/2025,RB504,AUH/DAM,C,12,0,0,12,0,0%,0,12
9/26/2025,RB504,AUH/DAM,Y,148,27,1,120,"2,142.76",19%,27,120
9/26/2025,RB516,DXB/DAM,C,12,2,0,10,510,17%,2,10
9/26/2025,RB516,DXB/DAM,Y,145,14,0,131,945.29,10%,14,131
9/26/2025,RB501,DAM/SHJ,C,12,0,0,12,0,0%,0,12
9/26/2025,RB501,DAM/SHJ,Y,145,29,0,116,"2,253.83",20%,29,116
9/26/2025,RB443,DAM/IST,C,12,0,0,12,0,0%,0,12
9/26/2025,RB443,DAM/IST,Y,141,16,0,125,"1,264.70",11%,16,125
9/26/2025,RB389,DAM/RUH,C,12,8,0,4,"2,505.64",67%,8,4
9/26/2025,RB389,DAM/RUH,Y,148,12,0,136,"1,910.85",8%,12,136
9/26/2025,RB444,IST/DAM,C,12,0,0,12,0,0%,0,12
9/26/2025,RB444,IST/DAM,Y,141,23,0,118,"2,165.26",16%,23,118
9/26/2025,RB502,SHJ/DAM,C,12,0,0,12,0,0%,0,12
9/26/2025,RB502,SHJ/DAM,Y,145,3,0,142,226,2%,3,142
9/26/2025,RB390,RUH/DAM,C,12,0,0,12,0,0%,0,12
9/26/2025,RB390,RUH/DAM,Y,148,4,4,140,303.5,5%,4,140
9/27/2025,RB515,DAM/DXB,C,12,3,0,9,"1,148.50",25%,3,9
9/27/2025,RB515,DAM/DXB,Y,145,26,0,119,"1,906.89",18%,26,119
9/27/2025,RB389,DAM/RUH,C,12,3,0,9,688.5,25%,3,9
9/27/2025,RB389,DAM/RUH,Y,148,11,0,137,"1,796.48",7%,11,137
9/27/2025,RB390,RUH/DAM,C,12,1,0,11,229.5,8%,1,11
9/27/2025,RB390,RUH/DAM,Y,148,5,0,143,321.2,3%,5,143
9/27/2025,RB516,DXB/DAM,C,12,1,0,11,255,8%,1,11
9/27/2025,RB516,DXB/DAM,Y,145,11,0,134,760.5,8%,11,134
9/27/2025,RB521,DAM/DOH,C,12,0,2,10,709.8,17%,0,10
9/27/2025,RB521,DAM/DOH,Y,148,39,5,104,"6,896.25",30%,39,104
9/27/2025,RB501,DAM/SHJ,C,12,0,0,12,0,0%,0,12
9/27/2025,RB501,DAM/SHJ,Y,145,39,0,106,"3,092.16",27%,39,106
9/27/2025,RB341,DAM/KWI,C,12,1,0,11,227.25,8%,1,11
9/27/2025,RB341,DAM/KWI,Y,141,52,0,89,"4,296.65",37%,52,89
9/27/2025,RB522,DOH/DAM,C,12,2,2,8,"1,493.30",33%,2,8
9/27/2025,RB522,DOH/DAM,Y,148,32,9,107,"6,499.36",28%,32,107
9/27/2025,RB342,KWI/DAM,C,12,0,0,12,0,0%,0,12
9/27/2025,RB342,KWI/DAM,Y,141,0,0,141,0,0%,0,141
9/27/2025,RB502,SHJ/DAM,C,12,0,0,12,0,0%,0,12
9/27/2025,RB502,SHJ/DAM,Y,145,0,0,145,0,0%,0,145
9/27/2025,RB445,DAM/IST,C,12,0,0,12,0,0%,0,12
9/27/2025,RB445,DAM/IST,Y,141,5,0,136,512.37,4%,5,136
9/28/2025,RB446,IST/DAM,C,12,0,0,12,0,0%,0,12
9/28/2025,RB446,IST/DAM,Y,141,5,0,136,473.48,4%,5,136
9/28/2025,RB515,DAM/DXB,C,12,2,0,10,743.76,17%,2,10
9/28/2025,RB515,DAM/DXB,Y,145,35,0,110,"3,083.86",24%,35,110
9/28/2025,RB381,DAM/JED,C,12,0,0,12,0,0%,0,12
9/28/2025,RB381,DAM/JED,Y,148,1,0,147,88,1%,1,147
9/28/2025,RB382,JED/DAM,C,12,0,0,12,0,0%,0,12
9/28/2025,RB382,JED/DAM,Y,148,36,1,111,"3,581.00",25%,36,111
9/28/2025,RB516,DXB/DAM,C,12,0,0,12,0,0%,0,12
9/28/2025,RB516,DXB/DAM,Y,145,12,0,133,950.3,8%,12,133
9/28/2025,RB443,DAM/IST,C,12,0,0,12,0,0%,0,12
9/28/2025,RB443,DAM/IST,Y,141,30,0,111,"2,504.43",21%,30,111
9/28/2025,RB501,DAM/SHJ,C,12,0,0,12,0,0%,0,12
9/28/2025,RB501,DAM/SHJ,Y,145,25,0,120,"2,113.54",17%,25,120
9/28/2025,RB444,IST/DAM,C,12,0,0,12,0,0%,0,12
9/28/2025,RB444,IST/DAM,Y,141,29,1,111,"2,756.98",21%,29,111
9/28/2025,RB502,SHJ/DAM,C,12,0,0,12,0,0%,0,12
9/28/2025,RB502,SHJ/DAM,Y,145,1,0,144,55,1%,1,144
9/29/2025,RB389,DAM/RUH,C,12,0,0,12,0,0%,0,12
9/29/2025,RB389,DAM/RUH,Y,148,11,0,137,"2,052.39",7%,11,137
9/29/2025,RB443,DAM/IST,C,12,0,0,12,0,0%,0,12
9/29/2025,RB443,DAM/IST,Y,141,2,0,139,142.74,1%,2,139
9/29/2025,RB515,DAM/DXB,C,12,0,0,12,0,0%,0,12
9/29/2025,RB515,DAM/DXB,Y,145,23,0,122,"2,089.91",16%,23,122
9/29/2025,RB390,RUH/DAM,C,12,4,0,8,"1,499.00",33%,4,8
9/29/2025,RB390,RUH/DAM,Y,148,16,1,131,"1,008.99",11%,16,131
9/29/2025,RB444,IST/ALP,C,12,0,0,12,0,0%,0,12
9/29/2025,RB444,IST/ALP,Y,141,6,0,135,506.1,4%,6,135
9/29/2025,RB517,ALP/DXB,C,12,1,0,11,361.26,8%,1,11
9/29/2025,RB517,ALP/DXB,Y,141,38,0,103,"3,570.42",27%,38,103
9/29/2025,RB516,DXB/DAM,C,12,0,0,12,0,0%,0,12
9/29/2025,RB516,DXB/DAM,Y,145,11,0,134,"1,222.81",8%,11,134
9/29/2025,RB501,DAM/SHJ,C,12,2,0,10,722.52,17%,2,10
9/29/2025,RB501,DAM/SHJ,Y,145,32,0,113,"2,942.12",22%,32,113
9/29/2025,RB521,DAM/DOH,C,12,1,0,11,328.76,8%,1,11
9/29/2025,RB521,DAM/DOH,Y,148,21,0,127,"2,965.75",14%,21,127
9/29/2025,RB518,DXB/ALP,C,12,0,0,12,0,0%,0,12
9/29/2025,RB518,DXB/ALP,Y,138,4,0,134,440.19,3%,4,134
9/29/2025,RB522,DOH/DAM,C,12,6,0,6,"1,576.20",50%,6,6
9/29/2025,RB522,DOH/DAM,Y,148,35,0,113,"4,141.97",24%,35,113
9/29/2025,RB502,SHJ/DAM,C,12,0,0,12,0,0%,0,12
9/29/2025,RB502,SHJ/DAM,Y,145,1,0,144,133.19,1%,1,144
9/29/2025,RB445,ALP/IST,C,12,0,0,12,0,0%,0,12
9/29/2025,RB445,ALP/IST,Y,141,11,0,130,780.6,8%,11,130
9/30/2025,RB446,IST/DAM,C,12,0,0,12,0,0%,0,12
9/30/2025,RB446,IST/DAM,Y,138,1,0,137,106.5,1%,1,137
9/30/2025,RB515,DAM/DXB,C,12,0,0,12,0,0%,0,12
9/30/2025,RB515,DAM/DXB,Y,145,27,0,118,"1,780.93",19%,27,118
9/30/2025,RB341,DAM/KWI,C,12,1,0,11,212.1,8%,1,11
9/30/2025,RB341,DAM/KWI,Y,141,21,0,120,"1,755.50",15%,21,120
9/30/2025,RB342,KWI/DAM,C,12,0,0,12,0,0%,0,12
9/30/2025,RB342,KWI/DAM,Y,141,8,0,133,687.32,6%,8,133
9/30/2025,RB516,DXB/DAM,C,12,2,0,10,510,17%,2,10
9/30/2025,RB516,DXB/DAM,Y,145,16,0,129,"1,503.26",11%,16,129
9/30/2025,RB503,DAM/AUH,C,12,0,0,12,0,0%,0,12
9/30/2025,RB503,DAM/AUH,Y,148,59,0,89,"4,520.51",40%,59,89
9/30/2025,RB501,DAM/SHJ,C,12,0,0,12,0,0%,0,12
9/30/2025,RB501,DAM/SHJ,Y,145,51,0,94,"4,536.96",35%,51,94
9/30/2025,RB443,DAM/IST,C,12,0,0,12,0,0%,0,12
9/30/2025,RB443,DAM/IST,Y,141,9,0,132,795.51,6%,9,132
9/30/2025,RB504,AUH/DAM,C,12,0,0,12,0,0%,0,12
9/30/2025,RB504,AUH/DAM,Y,148,18,0,130,"1,203.93",12%,18,130
9/30/2025,RB444,IST/DAM,C,12,1,0,11,207.75,8%,1,11
9/30/2025,RB444,IST/DAM,Y,141,8,0,133,722.38,6%,8,133
9/30/2025,RB502,SHJ/DAM,C,12,0,0,12,0,0%,0,12
9/30/2025,RB502,SHJ/DAM,Y,145,7,0,138,748.19,5%,7,138
10/1/2025,RB515,DAM/DXB,C,12,2,0,10,722.52,17%,2,10
10/1/2025,RB515,DAM/DXB,Y,145,28,0,117,"2,607.68",19%,28,117
10/1/2025,RB389,DAM/RUH,C,12,0,0,12,0,0%,0,12
10/1/2025,RB389,DAM/RUH,Y,148,5,0,143,936.07,3%,5,143
10/1/2025,RB390,RUH/DAM,C,12,1,0,11,520,8%,1,11
10/1/2025,RB390,RUH/DAM,Y,148,23,0,125,"3,688.84",16%,23,125
10/1/2025,RB516,DXB/DAM,C,12,2,0,10,618,17%,2,10
10/1/2025,RB516,DXB/DAM,Y,145,36,0,109,"4,062.92",25%,36,109
10/1/2025,RB521,DAM/DOH,C,12,3,2,7,"1,659.64",42%,3,7
10/1/2025,RB521,DAM/DOH,Y,148,41,6,101,"7,413.23",32%,41,101
10/1/2025,RB501,DAM/SHJ,C,12,1,0,11,361.26,8%,1,11
10/1/2025,RB501,DAM/SHJ,Y,145,47,0,98,"4,079.10",32%,47,98
10/1/2025,RB443,DAM/IST,C,12,2,0,10,582,17%,2,10
10/1/2025,RB443,DAM/IST,Y,141,10,0,131,779.42,7%,10,131
10/1/2025,RB522,DOH/DAM,C,12,0,2,10,986.3,17%,0,10
10/1/2025,RB522,DOH/DAM,Y,148,24,5,119,"5,316.38",20%,24,119
10/1/2025,RB444,IST/DAM,C,12,0,0,12,0,0%,0,12
10/1/2025,RB444,IST/DAM,Y,141,0,0,141,0,0%,0,141
10/1/2025,RB502,SHJ/DAM,C,12,0,0,12,0,0%,0,12
10/1/2025,RB502,SHJ/DAM,Y,145,8,0,137,651.82,6%,8,137
,,,,,,,,,,,
Syrian Air ,,,,,,,,,,,
Page 1,,,,,,,,,,,
